Wire,Location,Signal,Destination
208,CN1-1,TOOL UNCLAMP,CA3-A
209,CN1-2,TOOL CLAMP,CA3-B
210,CN1-3,HIGH GEAR,CA3-C
212,CN1-4,LOW GEAR,CA3-D
232,CN1-5,2nd-S LEVEL,CA3-L
233,CN1-6,HEAD LUBE PRESSURE,CA3-E
0G,CN1-7,DC24V COM (-) NC,CA3-T
*DECZ,CN1-14,Z-AXIS ZERO RETURN DEC,CA3-K
SP16,CN1-15,SPARE INPUT,CA3-H
SP17,CN1-16,SPARE INPUT,CA3-J
SP18,CN1-17,SPARE OUTPUT,CA3-M
SP19,CN1-18,SPARE OUTPUT,CA3-N
+24V,CN1-20,DC24V +COM (MC),CA3-S
362,CN2-1,MAGAZINE TIMER,CA4-W
351,CN2-2,MAGAZINE FWD/REV SHIFTER,CA4-V
149,CN2-3,TOOL UNCLAMP (FOOT SW),CA4-P
150,CN2-4,MAGAZINE ROT POS 1,CA4-X
221,CN2-5,MAGAZINE ROT POS 2,CA4-A
222,CN2-6,MAGAZINE ROT POS 4,CA4-B
223,CN2-7,MAGAZINE ROT POS 8,CA4-C
224,CN2-8,MAGAZINE ROT POS 10,CA4-D
225,CN2-9,MAGAZINE POSITION OK,CA4-E
218,CN2-10,MAGAZINE POWER OPEN,CA4-F
218,CN2-11,MAGAZINE COVER OPEN,CA4-G
219,CN2-12,MAGAZINE FWD/REV SW,CA4-H
381,CN2-13,LUBE TIMER,CA4-K
+LTZ,CN2-14,Z-AXIS OVER TRAVEL,CA4-L
*DECX,CN2-15,X-AXIS ZERO RETURN DEC,CA4-T
*DECY,CN2-16,Y-AXIS ZERO RETURN DEC,CA4-U
0G,CN2-17,DC24V COM (-) NC,CA4-M
0G,CN2-18,DC24V COM (-),CA4-N
0G,CN2-19,DC24V COM (-),CA4-S
P24,CN2-21,DC24V +COM (MACHINE),CA4-T
342,CN2-34,TOOL MEASURE DEVICE TIMER,CA4-J
345,CN2-35,TOOL MEASURE DEVICE SW,CA4-K
362,CN2-36,MAGAZINE LUBE TIMER,CA4-L
239,CN2-37,MAGAZINE LUBE PRESS SW,CA4-M
238,CN2-38,MACHINE DOOR INTERLOCK,CA4-N
340,CN2-39,SPARE INPUT 2,CA4-S
EHB,CN2-40,EMERGENCY STOP,CA4-a
EMC,CN2-41,EMG STOP 2nd,CA4-b
382,CN2-42,SPINDLE TOOL CLAMP OK,CA4-f
524,CN2-43,DC24V SELECTOR (X Y Z 4 5 6),CA4-
149B,CN2-44,FOOT SWITCH,CA4-R
CP24,CN2-45,FEED HOLD SW (LATCH),CA4-H
SP29,CN2-46,SPARE OUTPUT,CA4-j
SP30,CN2-47,SPARE OUTPUT,CA4-k
+24V,CN2-49,DC24V +COM (NC),CA4-N
+24V,CN2-50,DC24V +COM (NC),CA4-P
EHB,CN3-1,EMERGENCY STOP,TB5-D1 1-1
147,CN3-2,HEAD LUBE PRESSURE,TB5-A11
142,CN3-3,TOOL CLAMP INTERLOCK,TB5-D2 1-02
143,CN3-4,ZERO SPEED,TB5-0101
NO,CN3-8,COM,TB5-D2 2-10
SET2,CN3-9,COM,TB5-09
SET1,CN3-10,SPINDLE SET FORWARD,TB5-D1 1-97
SRN,CN3-11,SPINDLE FORWARD,TB5-A111
SRI,CN3-12,SPINDLE REVERSE,TB5-A-21
ORI C1,CN3-14,ORIENT COMMAND,TB5-D2 2-A1
CTL,CN3-15,ORIENT LOOP CHECK,TB5-A151
COM,CN3-33,COM (DECEL) (CTL),TB5-D2 1-12
WLAL,CN3-35,WAY LUBE ALARM,TB5-D2 2-A3
362,CN3-36,MAGAZINE TIMER,TB5-E
+LY,CN3-37,+Y OVER TRAVEL,TB5-0122
-LZ,CN3-38,-Z OVER TRAVEL,TB5-D2 1-B12
147,CN3-39,OIL TEMP DETECTOR,TB5-0503
SP1,CN3-40,spare,
SP2,CN3-41,spare,
SP3,CN3-42,spare,
SP4,CN3-43,spare,
SPTD,CN3-44,SPINDLE TIMER,TB5-D1 1-14
+24V,CN3-49,DC24V +COM,
+24V,CN3-50,DC24V +COM,
231,CN4-1,SPINDLE ZERO SPEED,CON 4-3
SS2,CN4-2,+COM,CON 2-4
FA,CN4-3,SPINDLE REV ROLLER THERMAL,TB5-D2 1-D0
FC,CN4-4,COM,TB5-1-12
MS,CN4-5,MS,TB5-D2 1-A2
OS,CN4-6,OS,TB5-14
SET1,CN4-7,SPINDLE SET,TB5-1-7
SET2,CN4-8,SPINDLE SET (2),TB5-1-8
SRN,CN4-9,SPINDLE FORWARD,TB5-D1 1-A5
SRI,CN4-10,SPINDLE REVERSE,TB5-A-6
ORI C1,CN4-12,ORIENT COMMAND,TB5-1-25
CTL,CN4-13,ORIENT LOOP CHECK,TB5-1-17
COM,CN4-15,COM,TB5-1-26
SETA,CN4-16,set A,TB5-1-23
SETB,CN4-17,set B,TB5-1-24
144,CN5-1,EXTERNAL TRIP PROTECTOR,TB1-31
RST,CN5-2,RESET OUT,-RST
146,CN5-3,OVER RUN EMG STOP,-146
EMB,CN5-4,EMG STOP,-EMB
EMC,CN5-5,EMG STOP 2nd,-57
0G,CN5-6,-COM (DC),-0G
0G,CN5-7,-COM (DC),-0G
G24,CN5-8,-COM (AC),-G24
EFHD,CN5-9,EXT FEED HOLD,-EFHD
RCTLS,CN5-10,RECESSING TOOL L.S.,-RCTLS
ISP1,CN5-11,INPUT SHARE 1,-ISP1
ISP2,CN5-12,INPUT SHARE 2,-ISP2
ISP1,CN5-13,4-AXIS LINC INTERLOCK CANCEL,TB1-33
XYZR4,CN5-14,4-AXIS UNCLAMP INTERLOCK CANCEL,TB1-34
152,CN5-15,4-AXIS LIMIT OVER-TRAVEL RELEASE,-152
1NRAILS,CN5-16,MAGAZINE REAR L.S.,-1NRAILS
OSP1,CN5-17,OUTPUT SHARE 1,-OSP1
OSP2,CN5-18,OUTPUT SHARE 2,-OSP2
+24V,CN5-19,+COM (DC),+24V
+24V,CN5-20,+COM (DC),+24V
CYFIN,CN6-1,CYCLE FINISH,CV-29
CYFIN,CN6-2,CYCLE FINISH (2),
MA3T,CN6-3,mag M43T,
MA3T,CN6-4,mag M45T,
MA3T,CN6-5,mag M45T,
SA,CN6-7,SERVO READY,
WL,CN6-8,WORK LIGHT,
SSET,CN6-9,SPINDLE SET,
CTL,CN6-10,LOW GEAR OVER TRAVEL,
OTR,CN6-11,OVER TRAVEL RELEASE,
+LYZ,CN6-12,+YZ OVER TRAVEL,
-LYZ,CN6-13,-YZ OVER TRAVEL,
+24V,CN6-17,DC24V COM (+),CN30A TB1-1
TAPC,CN6-18,TAP COOLANT,
MMAL,CN6-19,MIL FUNCTION,
PW1,CN6-20,POWER ON,
P24,CN6-21,MAIN PANE POWER ON,TB1-1
238,CN6-23,MACHINE DOOR INTERLOCK,
241,CN6-24,POWER ON MAIN LAMP INTERLOCK,
240,CN6-25,main lamp interlock 2,
ES1,CN6-26,SPINDLE SPEED,
SER,CN6-27,SERVO ERROR,
SRV,CN6-28,SPINDLE SERVO,
SMR,CN6-29,SPINDLE READY,
ORCH1,CN6-30,RUN COMMAND,
TCME,CN6-33,T-CODE NO MEMORY,
NSFT,CN6-34,NG TOOL,
381,CN6-37,MAGAZINE OIL TOOL DETECTOR,
355,CN6-39,SPINDLE HEAD LUBE PRESSURE,
0G,CN6-41,DC24V COM (NC),
0G,CN6-42,DC24V COM (NC),
0G,CN6-43,DC24V COM (NC),
0G,CN6-44,DC24V COM (NC),
0G,CN6-46,DC24V COM (NC),
0G,CN6-47,DC24V COM (NC),
382,CN6-50,MAGAZINE SPINDLE TOOL DETECTOR,
708B,CN11-1,SSR line pair A,
708A,CN11-2,SSR line pair A return,
710,CN11-3,GEAR SHIFT HIGH,
712,CN11-4,GEAR SHIFT LOW,
713,CN11-5,GEAR SHIFT WORK,
715,CN11-6,SPINDLE BLAST,
716,CN11-7,WORK BLAST,
717,CN11-8,AIR BLAST (CABINET),
742,CN11-9,ARM EXTEND,
261,CN11-10,AIR JET,
205,CN11-11,DUST INHALE ELIMINATE,
236,CN11-12,OIL HOLE FLOOD,
237,CN11-13,OIL HOLE MAGAZINE,
221,CN11-14,MAGAZINE FRONT OIL PUMP,
236,CN11-15,MAGAZINE REAR OIL PUMP,
235,CN11-16,SPINDLE HEAD OIL PUMP,
836,CN11-17,SSR aux,
835,CN11-18,SSR aux,
0G,CN11-19,-COM (NC),
0G,CN11-20,-COM (NC),
