plane,signal_id,oem_connector,oem_pin,factory_wire,oem_signal,function,inside_connector,outside_connector,disposition,mesa_card,mesa_connector,mesa_pin_channel,hal_net,authority_status,landing_status,required_verification,source_reference
A,,CN200,1,MMS RDY,MMS READY,MMS receiver,CND4-28,CN200-1,NO_MESA_ALLOCATION,none,none,none,none,UNALLOCATED,NO_MESA_ALLOCATION,No current Mesa authority row claims this conductor; review only if the OEM function is retained.,"41434WB PDF p74, dwg 4143075304; p85, dwg 4143075322"
A,,CN200,2,SEN RDY,SENSOR READY,MMS receiver,CND4-29,CN200-2,NO_MESA_ALLOCATION,none,none,none,none,UNALLOCATED,NO_MESA_ALLOCATION,No current Mesa authority row claims this conductor; review only if the OEM function is retained.,"41434WB PDF p74, dwg 4143075304; p85, dwg 4143075322"
A,PROBE_SKIP1_CANDIDATE,CN200,3,MMS SKIP,MMS SKIP,MMS receiver,CND2-14,CN200-3,MESA_ROUTE_CANDIDATE,7i84U-B,TB3,IN15,none,RESERVED,HOLD_SOURCE_TRACE,"RESERVED 2026-08-21 (owner decision): probe out of scope per mesa/current_pin_authority.csv PROBE_SKIP1; hal_net none, TB3 IN15 spare. If re-scoped: continuity-trace the installed Renishaw MP-3 interface to CN200-3 and verify voltage, idle polarity, and fail-open behavior; MMS SKIP alone does not prove this is the retained probe conductor.","41434WB PDF p74, dwg 4143075304; p85, dwg 4143075322"
A,,CN200,4,MMS ST,MMS START,MMS receiver,CND4-30,CN200-4,NO_MESA_ALLOCATION,none,none,none,none,UNALLOCATED,NO_MESA_ALLOCATION,No current Mesa authority row claims this conductor; review only if the OEM function is retained.,"41434WB PDF p74, dwg 4143075304; p85, dwg 4143075322"
A,,CN200,5,MMS PON,MMS POWER ON,MMS receiver,CND4-27,CN200-5,NO_MESA_ALLOCATION,none,none,none,none,UNALLOCATED,NO_MESA_ALLOCATION,No current Mesa authority row claims this conductor; review only if the OEM function is retained.,"41434WB PDF p74, dwg 4143075304; p85, dwg 4143075322"
A,,CN200,6,,(not used - blank on source table),spare,,,NO_CONNECTION,none,none,none,none,UNALLOCATED,NO_CONNECTION,No conductor to land; positively unused on the cited OEM table.,"41434WB PDF p74, dwg 4143075304; p85, dwg 4143075322"
A,,CN200,7,0G,DC24V COM (-) NC,common,CND4-1,CN200-7,OEM_POWER_OR_COMMON,none,none,none,none,UNALLOCATED,OEM_POWER_OR_COMMON,Do not assign to a signal input/output; preserve the documented electrical domain and verify rail disposition separately.,"41434WB PDF p74, dwg 4143075304; p85, dwg 4143075322"
A,,CN200,8,,(not used - blank on source table),spare,,,NO_CONNECTION,none,none,none,none,UNALLOCATED,NO_CONNECTION,No conductor to land; positively unused on the cited OEM table.,"41434WB PDF p74, dwg 4143075304; p85, dwg 4143075322"
A,,CN200,9,,(not used - blank on source table),spare,,,NO_CONNECTION,none,none,none,none,UNALLOCATED,NO_CONNECTION,No conductor to land; positively unused on the cited OEM table.,"41434WB PDF p74, dwg 4143075304; p85, dwg 4143075322"
A,,CN200,10,,(not used - blank on source table),spare,,,NO_CONNECTION,none,none,none,none,UNALLOCATED,NO_CONNECTION,No conductor to land; positively unused on the cited OEM table.,"41434WB PDF p74, dwg 4143075304; p85, dwg 4143075322"
A,,CN200,11,,(not used - blank on source table),spare,,,NO_CONNECTION,none,none,none,none,UNALLOCATED,NO_CONNECTION,No conductor to land; positively unused on the cited OEM table.,"41434WB PDF p74, dwg 4143075304; p85, dwg 4143075322"
A,,CN200,12,,(not used - blank on source table),spare,,,NO_CONNECTION,none,none,none,none,UNALLOCATED,NO_CONNECTION,No conductor to land; positively unused on the cited OEM table.,"41434WB PDF p74, dwg 4143075304; p85, dwg 4143075322"
A,,CN200,13,,(not used - blank on source table),spare,,,NO_CONNECTION,none,none,none,none,UNALLOCATED,NO_CONNECTION,No conductor to land; positively unused on the cited OEM table.,"41434WB PDF p74, dwg 4143075304; p85, dwg 4143075322"
A,,CN200,14,MMS STCMD,MMS START (COMMAND),MMS receiver,CND2-29,CN200-14,NO_MESA_ALLOCATION,none,none,none,none,UNALLOCATED,NO_MESA_ALLOCATION,No current Mesa authority row claims this conductor; review only if the OEM function is retained.,"41434WB PDF p74, dwg 4143075304; p85, dwg 4143075322"
A,,CN200,15,,(not used - blank on source table),spare,,,NO_CONNECTION,none,none,none,none,UNALLOCATED,NO_CONNECTION,No conductor to land; positively unused on the cited OEM table.,"41434WB PDF p74, dwg 4143075304; p85, dwg 4143075322"
A,,CN200,16,,(not used - blank on source table),spare,,,NO_CONNECTION,none,none,none,none,UNALLOCATED,NO_CONNECTION,No conductor to land; positively unused on the cited OEM table.,"41434WB PDF p74, dwg 4143075304; p85, dwg 4143075322"
A,,CN200,17,,(not used - blank on source table),spare,,,NO_CONNECTION,none,none,none,none,UNALLOCATED,NO_CONNECTION,No conductor to land; positively unused on the cited OEM table.,"41434WB PDF p74, dwg 4143075304; p85, dwg 4143075322"
A,,CN200,18,,(not used - blank on source table),spare,,,NO_CONNECTION,none,none,none,none,UNALLOCATED,NO_CONNECTION,No conductor to land; positively unused on the cited OEM table.,"41434WB PDF p74, dwg 4143075304; p85, dwg 4143075322"
A,,CN200,19,,(not used - blank on source table),spare,,,NO_CONNECTION,none,none,none,none,UNALLOCATED,NO_CONNECTION,No conductor to land; positively unused on the cited OEM table.,"41434WB PDF p74, dwg 4143075304; p85, dwg 4143075322"
A,,CN200,20,+24V,DC24V +COM (NC),power,CND4-33,CN200-20,OEM_POWER_OR_COMMON,none,none,none,none,UNALLOCATED,OEM_POWER_OR_COMMON,Do not assign to a signal input/output; preserve the documented electrical domain and verify rail disposition separately.,"41434WB PDF p74, dwg 4143075304; p85, dwg 4143075322"
A,,CN2,1,362,MAGAZINE TIMER,ATC,CNQ-36,CA4-W,NO_MESA_ALLOCATION,none,none,none,none,UNALLOCATED,NO_MESA_ALLOCATION,No current Mesa authority row claims this conductor; review only if the OEM function is retained.,"41434WB PDF p84, dwg 4143075321"
A,,CN2,2,351,MAGAZINE FWD/REV SHIFTER,ATC,CNQ-37,CA4-V,NO_MESA_ALLOCATION,none,none,none,none,UNALLOCATED,NO_MESA_ALLOCATION,No current Mesa authority row claims this conductor; review only if the OEM function is retained.,"41434WB PDF p84, dwg 4143075321"
A,MANUAL_TOOL_UNCLAMP_PB,CN2,3,149,TOOL UNCLAMP (FOOT SW),ATC,7-23,CA4-P,MESA_ROUTE,7i84U-A,TB3,IN9,manual-unclamp-pb,FACTORY_INTERFACE,ROUTE_DEFINED_FIELD_VERIFY,"Commissioning aid; pairs with MANUAL_TOOL_CLAMP_PB on IN30 (TCFS X01B reinstated 2026-08-03 after single-7i84U plan freed pins). | [RECON 2026-08-08 §A: element list confirms X01A TUCFS.M 'MNL TOOL UNCLAMP FS (VQC20)' on 060231] | [RECON 2026-08-08: FOOT switch confirmed (owner + mnemonic TUCFS=Tool UnClamp Foot Switch); BBIA1 wire 149 'TOOL UNCLAMP (FOOT SW)' 7-23] | [LOCATED 2026-08-08: X1A TUCF.M foot switch, wire 149A, T.U CN2-3, Dwg 4143075407 pg133] | [LADDER-REF 2026-08-10 (approved AG): docs/ladder/atc_ladder_transcription.md]","41434WB PDF p84, dwg 4143075321"
A,MAG_BCD_BIT0,CN2,4,150,MAGAZINE ROT POS 1,ATC,1-40,CA4-X,MESA_ROUTE,7i84U-A,TB2,IN19,mag-bcd-bit0,FACTORY_INTERFACE,ROUTE_DEFINED_FIELD_VERIFY,"Decode with bcd2s or custom mux | [RECON 2026-08-08 §F: PRS-21 line 221 confirmed by Dwg 4143075409 (Motion Switch Input 3)] | [PINOUT-RECONCILED 2026-08-09: BBIA-1 board = MAGAZINE ROT POS 1, wire 150, CN2-4/CND2-4 (trusted over pg135 'wire 221' - that wire is BIT1 on the board).] | [LADDER-REF 2026-08-10 (approved AG): docs/ladder/atc_ladder_transcription.md]","41434WB PDF p84, dwg 4143075321"
A,MAG_BCD_BIT1,CN2,5,221,MAGAZINE ROT POS 2,ATC,1-40,CA4-A,MESA_ROUTE,7i84U-A,TB2,IN20,mag-bcd-bit1,FACTORY_INTERFACE,ROUTE_DEFINED_FIELD_VERIFY,"Decode with bcd2s or custom mux | [RECON 2026-08-08 §F: PRS-22 line 222 confirmed by Dwg 4143075409 (Motion Switch Input 3)] | [PINOUT-RECONCILED 2026-08-09: BBIA-1 board = MAGAZINE ROT POS 2, wire 221, CN2-5/CND2-5 (trusted over pg135 'wire 222').] | [LADDER-REF 2026-08-10 (approved AG): docs/ladder/atc_ladder_transcription.md]","41434WB PDF p84, dwg 4143075321"
A,MAG_BCD_BIT2,CN2,6,222,MAGAZINE ROT POS 4,ATC,1-6,CA4-B,MESA_ROUTE,7i84U-A,TB2,IN21,mag-bcd-bit2,FACTORY_INTERFACE,ROUTE_DEFINED_FIELD_VERIFY,"Decode with bcd2s or custom mux | [RECON 2026-08-08 §F: PRS-23 line 223 confirmed by Dwg 4143075409 (Motion Switch Input 3)] | [PINOUT-RECONCILED 2026-08-09: BBIA-1 board = MAGAZINE ROT POS 4, wire 222, CN2-6/CND2-6 (trusted over pg135 'wire 223').] | [LADDER-REF 2026-08-10 (approved AG): docs/ladder/atc_ladder_transcription.md]","41434WB PDF p84, dwg 4143075321"
A,MAG_BCD_BIT3,CN2,7,223,MAGAZINE ROT POS 8,ATC,1-19,CA4-C,MESA_ROUTE,7i84U-A,TB2,IN22,mag-bcd-bit3,FACTORY_INTERFACE,ROUTE_DEFINED_FIELD_VERIFY,"Decode with bcd2s or custom mux | [RECON 2026-08-08 §F: PRS-24 line 224 confirmed by Dwg 4143075409 (Motion Switch Input 3)] | [PINOUT-RECONCILED 2026-08-09: BBIA-1 board = MAGAZINE ROT POS 8, wire 223, CN2-7/CND2-7 (trusted over pg135 'wire 224').] | [LADDER-REF 2026-08-10 (approved AG): docs/ladder/atc_ladder_transcription.md]","41434WB PDF p84, dwg 4143075321"
A,MAG_BCD_BIT4,CN2,8,224,MAGAZINE ROT POS 10,ATC,7-20,CA4-D,MESA_ROUTE,7i84U-A,TB2,IN23,mag-bcd-bit4,FACTORY_INTERFACE,ROUTE_DEFINED_FIELD_VERIFY,"Decode with bcd2s or custom mux | [RECON 2026-08-08 §F: PRS-25 line 225 confirmed by Dwg 4143075409 (Motion Switch Input 3)] | [PINOUT-RECONCILED 2026-08-09: BBIA-1 board = MAGAZINE ROT POS 10, wire 224, CN2-8/CND2-8 (trusted over pg135 'wire 225'). NB: the field PRS-nn labels are pg135 PLC-side identities and may not match the board bit order - physical wire label is final.] | [LADDER-REF 2026-08-10 (approved AG): docs/ladder/atc_ladder_transcription.md]","41434WB PDF p84, dwg 4143075321"
A,MAG_IN_POS,CN2,9,225,MAGAZINE POSITION OK,ATC,7-21,CA4-E,MESA_ROUTE,7i84U-A,TB2,IN28,mag-in-pos,FACTORY_INTERFACE,ROUTE_DEFINED_FIELD_VERIFY,"Mandatory for magazine indexing (rungs 3401/33xx). Writer added in field_7i84u.hal (net mag-in-pos <= input-28) on 2026-08-06. Verify prox type/polarity before commissioning. | [RECON 2026-08-08 CONFIRMED: MAG_IN_POS = PRS-13 MIPRS 'MAGAZINE INPOSITION' wire 213 X0D, Dwg 4143075409 pg135. In-position strobe; tool-# bits are PRS-21..25 (711P/712P/714P/718P/721P). Supersedes prior 'PRS-13=tool bit'.] | [PINOUT-RECONCILED 2026-08-09: BBIA-1 board = MAGAZINE POSITION OK, wire 225, CN2-9/CND2-9 (trusted). pg135 read the in-position prox as PRS-13/wire 213, but wire 213 appears in the BBIA-1 pinout only as the CN11-5 GEAR SHIFT LOW output, not on the CN2 input bank; POSITION OK is 225/CN2-9. PLC-side prox remains PRS-13/X00D.] | [LADDER-REF 2026-08-10 (approved AG): docs/ladder/atc_ladder_transcription.md]","41434WB PDF p84, dwg 4143075321"
A,,CN2,10,218,MAGAZINE POWER OPEN,ATC,4-14,CA4-F,NO_MESA_ALLOCATION,none,none,none,none,UNALLOCATED,NO_MESA_ALLOCATION,No current Mesa authority row claims this conductor; review only if the OEM function is retained.,"41434WB PDF p84, dwg 4143075321"
A,MAG_COVER_OPEN_CONF,CN2,11,218,MAGAZINE COVER OPEN,ATC,4-14,CA4-G,MESA_ROUTE,7i84U-A,TB3,IN6,mag-cover-open-conf,FACTORY_INTERFACE,ROUTE_DEFINED_FIELD_VERIFY,"Pairs with NET_MAG_COVER_OPEN/CLOSE solenoids; locate RS on cover | [RECON 2026-08-08 §A/§F: X052 MGCORS + RS-18 line 218 (Dwg 4143075409) confirm on 060231] | [LOCATED 2026-08-08: RS-18 wire 218 MGCORS X52, Dwg 4143075409 pg135] | [LADDER-REF 2026-08-10 (approved AG): docs/ladder/atc_ladder_transcription.md]","41434WB PDF p84, dwg 4143075321"
A,MAG_COVER_CLOSE_CONF,CN2,12,219,MAGAZINE COVER CLOSE,ATC,4-15,CA4-H,MESA_ROUTE,7i84U-A,TB3,IN7,mag-cover-closed-conf,FACTORY_INTERFACE,ROUTE_DEFINED_FIELD_VERIFY,"Interlock magazine rotation on cover closed | [RECON 2026-08-08 §A/§F: X053 MGCCRS + RS-19 line 219 (Dwg 4143075409) confirm on 060231] | [LOCATED 2026-08-08: RS-19 wire 219 MGCCRS X53, Dwg 4143075409 pg135] | [LADDER-REF 2026-08-10 (approved AG): docs/ladder/atc_ladder_transcription.md]","41434WB PDF p84, dwg 4143075321"
A,MAG_TOOL_AVAILABLE,CN2,13,381,LUBE TIMER,lube,CN6-37,CA4-K,MESA_ROUTE,7i84U-A,TB3,IN2,mag-tool-avail,FACTORY_INTERFACE,ROUTE_DEFINED_FIELD_VERIFY,HAL net bound in atc_orient.hal | [RECON 2026-08-08 §F: PHS-181 line 381 (settles PHS-127 vs 181) confirmed by Dwg 4143075409 (Motion Switch Input 3)] | [LADDER-REF 2026-08-10 (approved AG): docs/ladder/atc_ladder_transcription.md],"41434WB PDF p84, dwg 4143075321"
A,,CN2,14,+LTZ,Z-AXIS OVER TRAVEL,limit,CNB-12,CA4-L,NO_MESA_ALLOCATION,none,none,none,none,UNALLOCATED,NO_MESA_ALLOCATION,No current Mesa authority row claims this conductor; review only if the OEM function is retained.,"41434WB PDF p84, dwg 4143075321"
A,X_HOME,CN2,15,*DECX,X-AXIS ZERO RETURN DEC,homing,1-13,CA4-T,MESA_ROUTE,7i84U-B,TB3,IN6,home-x,FACTORY_INTERFACE,ROUTE_DEFINED_FIELD_VERIFY,"NO contact; was ACCEPTED_VERIFY - promote to TRACED after physical continuity + fail-open test | [LOCATED 2026-08-09: LS-42 X zero-return decel, X28 *DECX wire 1-16 (home reference), Dwg 4143075410 (Motion Switch Input 4) pg136 + pg91] | [LADDER-REF 2026-08-10 (approved AG): docs/ladder/homing_ladder_transcription.md]","41434WB PDF p84, dwg 4143075321"
A,Y_HOME,CN2,16,*DECY,Y-AXIS ZERO RETURN DEC,homing,1-17,CA4-U,MESA_ROUTE,7i84U-B,TB3,IN7,home-y,FACTORY_INTERFACE,ROUTE_DEFINED_FIELD_VERIFY,"NO contact; was ACCEPTED_VERIFY - promote to TRACED after physical continuity + fail-open test | [LOCATED 2026-08-09: LS-52 Y zero-return decel, X29 *DECY wire 1-17 (home reference), Dwg 4143075410 (Motion Switch Input 4) pg136; LS digit faded - verify] | [LADDER-REF 2026-08-10 (approved AG): docs/ladder/homing_ladder_transcription.md]","41434WB PDF p84, dwg 4143075321"
A,,CN2,17,0G,DC24V COM (-) NC,common,,CA4-M,OEM_POWER_OR_COMMON,none,none,none,none,UNALLOCATED,OEM_POWER_OR_COMMON,Do not assign to a signal input/output; preserve the documented electrical domain and verify rail disposition separately.,"41434WB PDF p84, dwg 4143075321"
A,,CN2,18,0G,DC24V COM (-),common,,CA4-N,OEM_POWER_OR_COMMON,none,none,none,none,UNALLOCATED,OEM_POWER_OR_COMMON,Do not assign to a signal input/output; preserve the documented electrical domain and verify rail disposition separately.,"41434WB PDF p84, dwg 4143075321"
A,,CN2,19,0G,DC24V COM (-),common,,CA4-S,OEM_POWER_OR_COMMON,none,none,none,none,UNALLOCATED,OEM_POWER_OR_COMMON,Do not assign to a signal input/output; preserve the documented electrical domain and verify rail disposition separately.,"41434WB PDF p84, dwg 4143075321"
A,,CN2,20,,(not used - blank on source table),spare,,,NO_CONNECTION,none,none,none,none,UNALLOCATED,NO_CONNECTION,No conductor to land; positively unused on the cited OEM table.,"41434WB PDF p84, dwg 4143075321"
A,,CN2,21,P24,DC24V +COM (MACHINE),power,CN6-21,CA4-T,OEM_POWER_OR_COMMON,none,none,none,none,UNALLOCATED,OEM_POWER_OR_COMMON,Do not assign to a signal input/output; preserve the documented electrical domain and verify rail disposition separately.,"41434WB PDF p84, dwg 4143075321"
A,,CN2,22,,(not used - blank on source table),spare,,,NO_CONNECTION,none,none,none,none,UNALLOCATED,NO_CONNECTION,No conductor to land; positively unused on the cited OEM table.,"41434WB PDF p84, dwg 4143075321"
A,,CN2,23,,(not used - blank on source table),spare,,,NO_CONNECTION,none,none,none,none,UNALLOCATED,NO_CONNECTION,No conductor to land; positively unused on the cited OEM table.,"41434WB PDF p84, dwg 4143075321"
A,,CN2,24,,(not used - blank on source table),spare,,,NO_CONNECTION,none,none,none,none,UNALLOCATED,NO_CONNECTION,No conductor to land; positively unused on the cited OEM table.,"41434WB PDF p84, dwg 4143075321"
A,,CN2,25,,(not used - blank on source table),spare,,,NO_CONNECTION,none,none,none,none,UNALLOCATED,NO_CONNECTION,No conductor to land; positively unused on the cited OEM table.,"41434WB PDF p84, dwg 4143075321"
A,,CN2,26,,(not used - blank on source table),spare,,,NO_CONNECTION,none,none,none,none,UNALLOCATED,NO_CONNECTION,No conductor to land; positively unused on the cited OEM table.,"41434WB PDF p84, dwg 4143075321"
A,,CN2,27,,(not used - blank on source table),spare,,,NO_CONNECTION,none,none,none,none,UNALLOCATED,NO_CONNECTION,No conductor to land; positively unused on the cited OEM table.,"41434WB PDF p84, dwg 4143075321"
A,,CN2,28,,(not used - blank on source table),spare,,,NO_CONNECTION,none,none,none,none,UNALLOCATED,NO_CONNECTION,No conductor to land; positively unused on the cited OEM table.,"41434WB PDF p84, dwg 4143075321"
A,,CN2,29,,(not used - blank on source table),spare,,,NO_CONNECTION,none,none,none,none,UNALLOCATED,NO_CONNECTION,No conductor to land; positively unused on the cited OEM table.,"41434WB PDF p84, dwg 4143075321"
A,,CN2,30,,(not used - blank on source table),spare,,,NO_CONNECTION,none,none,none,none,UNALLOCATED,NO_CONNECTION,No conductor to land; positively unused on the cited OEM table.,"41434WB PDF p84, dwg 4143075321"
A,,CN2,31,,(not used - blank on source table),spare,,,NO_CONNECTION,none,none,none,none,UNALLOCATED,NO_CONNECTION,No conductor to land; positively unused on the cited OEM table.,"41434WB PDF p84, dwg 4143075321"
A,,CN2,32,,(not used - blank on source table),spare,,,NO_CONNECTION,none,none,none,none,UNALLOCATED,NO_CONNECTION,No conductor to land; positively unused on the cited OEM table.,"41434WB PDF p84, dwg 4143075321"
A,,CN2,33,,(not used - blank on source table),spare,,,NO_CONNECTION,none,none,none,none,UNALLOCATED,NO_CONNECTION,No conductor to land; positively unused on the cited OEM table.,"41434WB PDF p84, dwg 4143075321"
A,,CN2,34,342,TOOL MEASURE DEVICE TIMER,probe,CNQ-34,CA4-J,NO_MESA_ALLOCATION,none,none,none,none,UNALLOCATED,NO_MESA_ALLOCATION,No current Mesa authority row claims this conductor; review only if the OEM function is retained.,"41434WB PDF p84, dwg 4143075321"
A,,CN2,35,345,TOOL MEASURE DEVICE SW,probe,1-8,CA4-K,NO_MESA_ALLOCATION,none,none,none,none,UNALLOCATED,NO_MESA_ALLOCATION,No current Mesa authority row claims this conductor; review only if the OEM function is retained.,"41434WB PDF p84, dwg 4143075321"
A,,CN2,36,362,MAGAZINE LUBE TIMER,lube,2-13,CA4-L,NO_MESA_ALLOCATION,none,none,none,none,UNALLOCATED,NO_MESA_ALLOCATION,No current Mesa authority row claims this conductor; review only if the OEM function is retained.,"41434WB PDF p84, dwg 4143075321"
A,,CN2,37,239,MAGAZINE LUBE PRESS SW,lube,2-14,CA4-M,NO_MESA_ALLOCATION,none,none,none,none,UNALLOCATED,NO_MESA_ALLOCATION,No current Mesa authority row claims this conductor; review only if the OEM function is retained.,"41434WB PDF p84, dwg 4143075321"
A,DOOR_INTERLOCK,CN2,38,238,MACHINE DOOR INTERLOCK,safety,CN6-23,CA4-N,MESA_ROUTE,7i84U-A,TB2,IN24,door-interlock,FACTORY_INTERFACE,ROUTE_DEFINED_FIELD_VERIFY,Series-wired 2026-08-03: X01D ITMDSS consolidated with LS-140/141 pair. Choose door-open versus door-closed net after normal state is measured. | [LADDER-REF 2026-08-10 (approved AG): docs/ladder/estop_ladder_transcription.md],"41434WB PDF p84, dwg 4143075321"
A,,CN2,39,340,SPARE INPUT 2,spare,2-24,CA4-S,OEM_SPARE_CONDUCTOR,none,none,none,none,UNALLOCATED,OEM_SPARE_CONDUCTOR,A factory spare conductor exists; insulate and preserve its identity unless a reviewed revision deliberately repurposes it.,"41434WB PDF p84, dwg 4143075321"
A,,CN2,40,EMB,EMERGENCY STOP,safety,CN5-4,CA4-a,OEM_SAFETY_RETAIN,none,none,none,none,UNALLOCATED,OEM_SAFETY_RETAIN,Retain in the untouched OEM safety circuit; no Mesa GPIO route.,"41434WB PDF p84, dwg 4143075321"
A,,CN2,41,EMC,EMG STOP 2nd,safety,,CA4-b,OEM_SAFETY_RETAIN,none,none,none,none,UNALLOCATED,OEM_SAFETY_RETAIN,Retain in the untouched OEM safety circuit; no Mesa GPIO route.,"41434WB PDF p84, dwg 4143075321"
A,,CN2,42,382,SPINDLE TOOL CLAMP OK,spindle,CN6-50,CA4-f,NO_MESA_ALLOCATION,none,none,none,none,UNALLOCATED,NO_MESA_ALLOCATION,No current Mesa authority row claims this conductor; review only if the OEM function is retained.,"41434WB PDF p84, dwg 4143075321"
A,,CN2,43,524,DC24V SELECTOR (X Y Z 4 5 6),selector,CNB-5,CA4-,NO_MESA_ALLOCATION,none,none,none,none,UNALLOCATED,NO_MESA_ALLOCATION,No current Mesa authority row claims this conductor; review only if the OEM function is retained.,"41434WB PDF p84, dwg 4143075321"
A,MANUAL_TOOL_CLAMP_PB,CN2,44,149B,FOOT SWITCH,operator,1-38,CA4-R,MESA_ROUTE,7i84U-A,TB2,IN30,none,RESERVED,HOLD_RESERVED,"Reserved terminal; intentionally HAL-unbound until the switch and safe manual-clamp behavior are field verified. Pairs with MANUAL_TOOL_UNCLAMP_PB on IN9. | [LOCATED 2026-08-08: X1B TCCF.M foot switch, wire 149B, T.U CN2-44, Dwg 4143075407 pg133] | [2026-08-09: RESERVED, hal_net none (was manual-clamp-pb) - manual clamp deferred per io_capacity_reconciliation.md; restore net when switch behavior is field-verified] | [LADDER-REF 2026-08-10 (approved AG): docs/ladder/atc_ladder_transcription.md]","41434WB PDF p84, dwg 4143075321"
A,,CN2,45,CP24,FEED HOLD SW (LATCH),operator,4-3,CA4-H,NO_MESA_ALLOCATION,none,none,none,none,UNALLOCATED,NO_MESA_ALLOCATION,No current Mesa authority row claims this conductor; review only if the OEM function is retained.,"41434WB PDF p84, dwg 4143075321"
A,,CN2,46,SP29,SPARE OUTPUT,spare,4-4,CA4-j,OEM_SPARE_CONDUCTOR,none,none,none,none,UNALLOCATED,OEM_SPARE_CONDUCTOR,A factory spare conductor exists; insulate and preserve its identity unless a reviewed revision deliberately repurposes it.,"41434WB PDF p84, dwg 4143075321"
A,,CN2,47,SP30,SPARE OUTPUT,spare,3-23,CA4-k,OEM_SPARE_CONDUCTOR,none,none,none,none,UNALLOCATED,OEM_SPARE_CONDUCTOR,A factory spare conductor exists; insulate and preserve its identity unless a reviewed revision deliberately repurposes it.,"41434WB PDF p84, dwg 4143075321"
A,,CN2,48,,(not used - blank on source table),spare,,,NO_CONNECTION,none,none,none,none,UNALLOCATED,NO_CONNECTION,No conductor to land; positively unused on the cited OEM table.,"41434WB PDF p84, dwg 4143075321"
A,,CN2,49,+24V,DC24V +COM (NC),power,,CA4-N,OEM_POWER_OR_COMMON,none,none,none,none,UNALLOCATED,OEM_POWER_OR_COMMON,Do not assign to a signal input/output; preserve the documented electrical domain and verify rail disposition separately.,"41434WB PDF p84, dwg 4143075321"
A,,CN2,50,+24V,DC24V +COM (NC),power,,CA4-P,OEM_POWER_OR_COMMON,none,none,none,none,UNALLOCATED,OEM_POWER_OR_COMMON,Do not assign to a signal input/output; preserve the documented electrical domain and verify rail disposition separately.,"41434WB PDF p84, dwg 4143075321"
A,TOOL_UNCLAMP_CONF,CN1,1,208,TOOL UNCLAMP,MC output,CNQ-29,CA3-A,MESA_ROUTE,7i84U-A,TB2,IN16,tool-unclamped,FACTORY_INTERFACE,ROUTE_DEFINED_FIELD_VERIFY,RESOLVED - field_7i84u.hal binds tool-unclamped to input-16 | [RECON 2026-08-08 §F: PRS-8 line 208 TUCPRS confirmed by Dwg 4143075409 (Motion Switch Input 3)] | [LADDER-REF 2026-08-10 (approved AG): docs/ladder/atc_ladder_transcription.md],"41434WB PDF p84, dwg 4143075321"
A,TOOL_CLAMP_CONF,CN1,2,209,TOOL CLAMP,MC output,1-24,CA3-B,MESA_ROUTE,7i84U-A,TB3,IN15,tool-clamped,FACTORY_INTERFACE,ROUTE_DEFINED_FIELD_VERIFY,RESOLVED - field_7i84u.hal binds tool-clamped to input-15 | [RECON 2026-08-08 §F: PRS-9 line 209 TCPRS confirmed by Dwg 4143075409 (Motion Switch Input 3)] | [LADDER-REF 2026-08-10 (approved AG): docs/ladder/atc_ladder_transcription.md],"41434WB PDF p84, dwg 4143075321"
A,GEAR_HI_CONF,CN1,3,210,HIGH GEAR,gear,4-16,CA3-C,MESA_ROUTE,7i84U-A,TB2,IN17,gear-hi-conf,FACTORY_INTERFACE,ROUTE_DEFINED_FIELD_VERIFY,HAL net bound in atc_orient.hal | [RECON 2026-08-08 §F: PRS-10 line 210 HGPRS = HIGH gear confirmed by Dwg 4143075409 (Motion Switch Input 3)] | [LADDER-REF 2026-08-10 (approved AG): docs/ladder/orient_ladder_transcription.md],"41434WB PDF p84, dwg 4143075321"
A,GEAR_LO_CONF,CN1,4,212,LOW GEAR,gear,4-17,CA3-D,MESA_ROUTE,7i84U-A,TB2,IN18,gear-lo-conf,FACTORY_INTERFACE,ROUTE_DEFINED_FIELD_VERIFY,HAL net bound in atc_orient.hal | [RECON 2026-08-08 §F: PRS-12 line 212 LGPRS = LOW gear confirmed by Dwg 4143075409 (Motion Switch Input 3)] | [LADDER-REF 2026-08-10 (approved AG): docs/ladder/orient_ladder_transcription.md],"41434WB PDF p84, dwg 4143075321"
A,COOLANT_LOW,CN1,5,232,2nd-S LEVEL,coolant lvl,CN6-13,CA3-L,MESA_ROUTE,7i84U-A,TB2,IN26,coolant-low,FACTORY_INTERFACE,ROUTE_DEFINED_FIELD_VERIFY,Net name follows HAL (polarity assumption: low = warning). Verify normal-state polarity in cabinet before promoting. | [LADDER-REF 2026-08-10 (approved AG): docs/ladder/coolant_ladder_transcription.md],"41434WB PDF p84, dwg 4143075321"
A,,CN1,6,233,HEAD LUBE PRESSURE,lube,CN6-39,CA3-E,NO_MESA_ALLOCATION,none,none,none,none,UNALLOCATED,NO_MESA_ALLOCATION,No current Mesa authority row claims this conductor; review only if the OEM function is retained.,"41434WB PDF p84, dwg 4143075321"
A,,CN1,7,0G,DC24V COM (-) NC,common,,CA3-T,OEM_POWER_OR_COMMON,none,none,none,none,UNALLOCATED,OEM_POWER_OR_COMMON,Do not assign to a signal input/output; preserve the documented electrical domain and verify rail disposition separately.,"41434WB PDF p84, dwg 4143075321"
A,,CN1,8,,(not used - blank on source table),spare,,,NO_CONNECTION,none,none,none,none,UNALLOCATED,NO_CONNECTION,No conductor to land; positively unused on the cited OEM table.,"41434WB PDF p84, dwg 4143075321"
A,,CN1,9,,(not used - blank on source table),spare,,,NO_CONNECTION,none,none,none,none,UNALLOCATED,NO_CONNECTION,No conductor to land; positively unused on the cited OEM table.,"41434WB PDF p84, dwg 4143075321"
A,,CN1,10,,(not used - blank on source table),spare,,,NO_CONNECTION,none,none,none,none,UNALLOCATED,NO_CONNECTION,No conductor to land; positively unused on the cited OEM table.,"41434WB PDF p84, dwg 4143075321"
A,,CN1,11,,(not used - blank on source table),spare,,,NO_CONNECTION,none,none,none,none,UNALLOCATED,NO_CONNECTION,No conductor to land; positively unused on the cited OEM table.,"41434WB PDF p84, dwg 4143075321"
A,,CN1,12,,(not used - blank on source table),spare,,,NO_CONNECTION,none,none,none,none,UNALLOCATED,NO_CONNECTION,No conductor to land; positively unused on the cited OEM table.,"41434WB PDF p84, dwg 4143075321"
A,,CN1,13,,(not used - blank on source table),spare,,,NO_CONNECTION,none,none,none,none,UNALLOCATED,NO_CONNECTION,No conductor to land; positively unused on the cited OEM table.,"41434WB PDF p84, dwg 4143075321"
A,Z_HOME,CN1,14,*DECZ,Z-AXIS ZERO RETURN DEC,homing,CNB-14,CA3-K,MESA_ROUTE,7i84U-B,TB3,IN8,home-z,FACTORY_INTERFACE,ROUTE_DEFINED_FIELD_VERIFY,"NO contact; was ACCEPTED_VERIFY - promote to TRACED after physical continuity + fail-open test | [LOCATED 2026-08-09: LS-62 Z zero-return decel, X2A *DECZ wire 1-18 (home reference), Dwg 4143075410 (Motion Switch Input 4) pg136 (also pg100 TB-51)] | [LADDER-REF 2026-08-10 (approved AG): docs/ladder/homing_ladder_transcription.md]","41434WB PDF p84, dwg 4143075321"
A,,CN1,15,SP16,SPARE INPUT,spare,1-34,CA3-H,OEM_SPARE_CONDUCTOR,none,none,none,none,UNALLOCATED,OEM_SPARE_CONDUCTOR,A factory spare conductor exists; insulate and preserve its identity unless a reviewed revision deliberately repurposes it.,"41434WB PDF p84, dwg 4143075321"
A,,CN1,16,SP17,SPARE INPUT,spare,4-20,CA3-J,OEM_SPARE_CONDUCTOR,none,none,none,none,UNALLOCATED,OEM_SPARE_CONDUCTOR,A factory spare conductor exists; insulate and preserve its identity unless a reviewed revision deliberately repurposes it.,"41434WB PDF p84, dwg 4143075321"
A,,CN1,17,SP18,SPARE OUTPUT,spare,3-24,CA3-M,OEM_SPARE_CONDUCTOR,none,none,none,none,UNALLOCATED,OEM_SPARE_CONDUCTOR,A factory spare conductor exists; insulate and preserve its identity unless a reviewed revision deliberately repurposes it.,"41434WB PDF p84, dwg 4143075321"
A,,CN1,18,SP19,SPARE OUTPUT,spare,3-37,CA3-N,OEM_SPARE_CONDUCTOR,none,none,none,none,UNALLOCATED,OEM_SPARE_CONDUCTOR,A factory spare conductor exists; insulate and preserve its identity unless a reviewed revision deliberately repurposes it.,"41434WB PDF p84, dwg 4143075321"
A,,CN1,19,,(not used - blank on source table),spare,,,NO_CONNECTION,none,none,none,none,UNALLOCATED,NO_CONNECTION,No conductor to land; positively unused on the cited OEM table.,"41434WB PDF p84, dwg 4143075321"
A,,CN1,20,+24V,DC24V +COM (MC),power,,CA3-S,OEM_POWER_OR_COMMON,none,none,none,none,UNALLOCATED,OEM_POWER_OR_COMMON,Do not assign to a signal input/output; preserve the documented electrical domain and verify rail disposition separately.,"41434WB PDF p84, dwg 4143075321"
A,THERMAL_ALARM_CHAIN,CN5,1,144,THERMAL TRIP PROTECTOR,safety,CND4-46,TB1-144,MESA_ROUTE,7i84U-A,TB3,IN8,thermal-alarm,FACTORY_INTERFACE,ROUTE_DEFINED_FIELD_VERIFY,"Series-wired NC X073 THR.M + X07B ONT.M; alarm-only, not in E-stop chain; field continuity and polarity remain unverified. | [RECON 2026-08-08 §A: element list confirms X073 THR.M + X07B ONT.M — two NC signals, series on 060231] | [LOCATED 2026-08-08: X73 THR.M (T.U CN5-1, TB1; motor thermal + circuit protector trip) series-NC X7B ONT.M (T.U CN5-3, OHT; main transformer overheat), Dwg 4143075407 pg133] | [LADDER-REF 2026-08-10 (approved AG): docs/ladder/estop_ladder_transcription.md]","41434WB PDF p85, dwg 4143075322"
A,,CN5,2,RST,RESET OUT,NC iface,CNB-1,-RST,NO_MESA_ALLOCATION,none,none,none,none,UNALLOCATED,NO_MESA_ALLOCATION,No current Mesa authority row claims this conductor; review only if the OEM function is retained.,"41434WB PDF p85, dwg 4143075322"
A,,CN5,3,146,OVER RUN EMG STOP,safety,4-30,-146,OEM_SAFETY_RETAIN,none,none,none,none,UNALLOCATED,OEM_SAFETY_RETAIN,Retain in the untouched OEM safety circuit; no Mesa GPIO route.,"41434WB PDF p85, dwg 4143075322"
A,,CN5,4,EMB,EMG STOP,safety,CN2-40,-EMB,OEM_SAFETY_RETAIN,none,none,none,none,UNALLOCATED,OEM_SAFETY_RETAIN,Retain in the untouched OEM safety circuit; no Mesa GPIO route.,"41434WB PDF p85, dwg 4143075322"
A,,CN5,5,EMC,EMG STOP 2nd,safety,CN2-41,-57,OEM_SAFETY_RETAIN,none,none,none,none,UNALLOCATED,OEM_SAFETY_RETAIN,Retain in the untouched OEM safety circuit; no Mesa GPIO route.,"41434WB PDF p85, dwg 4143075322"
A,,CN5,6,0G,-COM (DC),common,CNB-3,-0G,OEM_POWER_OR_COMMON,none,none,none,none,UNALLOCATED,OEM_POWER_OR_COMMON,Do not assign to a signal input/output; preserve the documented electrical domain and verify rail disposition separately.,"41434WB PDF p85, dwg 4143075322"
A,,CN5,7,0G,-COM (DC),common,CN12-37,-0G,OEM_POWER_OR_COMMON,none,none,none,none,UNALLOCATED,OEM_POWER_OR_COMMON,Do not assign to a signal input/output; preserve the documented electrical domain and verify rail disposition separately.,"41434WB PDF p85, dwg 4143075322"
A,,CN5,8,G24,-COM (AC),common,CN2-43,-G24,OEM_POWER_OR_COMMON,none,none,none,none,UNALLOCATED,OEM_POWER_OR_COMMON,Do not assign to a signal input/output; preserve the documented electrical domain and verify rail disposition separately.,"41434WB PDF p85, dwg 4143075322"
A,,CN5,9,EFHD,EXT FEED HOLD,operator,CN23-9,-EFHD,NO_MESA_ALLOCATION,none,none,none,none,UNALLOCATED,NO_MESA_ALLOCATION,No current Mesa authority row claims this conductor; review only if the OEM function is retained.,"41434WB PDF p85, dwg 4143075322"
A,,CN5,10,RCTLS,RECESSING TOOL L.S.,probe,2-37,-RCTLS,NO_MESA_ALLOCATION,none,none,none,none,UNALLOCATED,NO_MESA_ALLOCATION,No current Mesa authority row claims this conductor; review only if the OEM function is retained.,"41434WB PDF p85, dwg 4143075322"
A,,CN5,11,ISP1,INPUT SHARE 1,spare,2-12,-ISP1,OEM_SPARE_CONDUCTOR,none,none,none,none,UNALLOCATED,OEM_SPARE_CONDUCTOR,A factory spare conductor exists; insulate and preserve its identity unless a reviewed revision deliberately repurposes it.,"41434WB PDF p85, dwg 4143075322"
A,,CN5,12,ISP2,INPUT SHARE 2,spare,CN2-44,-ISP2,OEM_SPARE_CONDUCTOR,none,none,none,none,UNALLOCATED,OEM_SPARE_CONDUCTOR,A factory spare conductor exists; insulate and preserve its identity unless a reviewed revision deliberately repurposes it.,"41434WB PDF p85, dwg 4143075322"
A,,CN5,13,ISP1,4-AXIS LINC INTERLOCK CANCEL,4th axis,2-37,TB1-33,NO_MESA_ALLOCATION,none,none,none,none,UNALLOCATED,NO_MESA_ALLOCATION,No current Mesa authority row claims this conductor; review only if the OEM function is retained.,"41434WB PDF p85, dwg 4143075322"
A,,CN5,14,XYZR4,4-AXIS UNCLAMP INTERLOCK CANCEL,4th axis,4-14,TB1-34,NO_MESA_ALLOCATION,none,none,none,none,UNALLOCATED,NO_MESA_ALLOCATION,No current Mesa authority row claims this conductor; review only if the OEM function is retained.,"41434WB PDF p85, dwg 4143075322"
A,,CN5,15,152,4-AXIS LIMIT OVER-TRAVEL RELEASE,4th axis,4-18,-152,NO_MESA_ALLOCATION,none,none,none,none,UNALLOCATED,NO_MESA_ALLOCATION,No current Mesa authority row claims this conductor; review only if the OEM function is retained.,"41434WB PDF p85, dwg 4143075322"
A,,CN5,16,1NRAILS,MAGAZINE REAR L.S.,ATC,2-10,-1NRAILS,NO_MESA_ALLOCATION,none,none,none,none,UNALLOCATED,NO_MESA_ALLOCATION,No current Mesa authority row claims this conductor; review only if the OEM function is retained.,"41434WB PDF p85, dwg 4143075322"
A,,CN5,17,OSP1,OUTPUT SHARE 1,spare,2-44,-OSP1,OEM_SPARE_CONDUCTOR,none,none,none,none,UNALLOCATED,OEM_SPARE_CONDUCTOR,A factory spare conductor exists; insulate and preserve its identity unless a reviewed revision deliberately repurposes it.,"41434WB PDF p85, dwg 4143075322"
A,,CN5,18,OSP2,OUTPUT SHARE 2,spare,2-28,-OSP2,OEM_SPARE_CONDUCTOR,none,none,none,none,UNALLOCATED,OEM_SPARE_CONDUCTOR,A factory spare conductor exists; insulate and preserve its identity unless a reviewed revision deliberately repurposes it.,"41434WB PDF p85, dwg 4143075322"
A,,CN5,19,+24V,+COM (DC),power,1-33,+24V,OEM_POWER_OR_COMMON,none,none,none,none,UNALLOCATED,OEM_POWER_OR_COMMON,Do not assign to a signal input/output; preserve the documented electrical domain and verify rail disposition separately.,"41434WB PDF p85, dwg 4143075322"
A,,CN5,20,+24V,+COM (DC),power,1-33,+24V,OEM_POWER_OR_COMMON,none,none,none,none,UNALLOCATED,OEM_POWER_OR_COMMON,Do not assign to a signal input/output; preserve the documented electrical domain and verify rail disposition separately.,"41434WB PDF p85, dwg 4143075322"
A,,CN6,1,CYFIN,CYCLE FINISH,NC iface,CNB-16,CV-29,NO_MESA_ALLOCATION,none,none,none,none,UNALLOCATED,NO_MESA_ALLOCATION,No current Mesa authority row claims this conductor; review only if the OEM function is retained.,"41434WB PDF p85, dwg 4143075322"
A,,CN6,2,CYFIN,CYCLE FINISH (2),NC iface,23-29,,NO_MESA_ALLOCATION,none,none,none,none,UNALLOCATED,NO_MESA_ALLOCATION,No current Mesa authority row claims this conductor; review only if the OEM function is retained.,"41434WB PDF p85, dwg 4143075322"
A,,CN6,3,MA3T,mag M43T,ATC,3-48,,NO_MESA_ALLOCATION,none,none,none,none,UNALLOCATED,NO_MESA_ALLOCATION,No current Mesa authority row claims this conductor; review only if the OEM function is retained.,"41434WB PDF p85, dwg 4143075322"
A,,CN6,4,MA3T,mag M45T,ATC,3-49,,NO_MESA_ALLOCATION,none,none,none,none,UNALLOCATED,NO_MESA_ALLOCATION,No current Mesa authority row claims this conductor; review only if the OEM function is retained.,"41434WB PDF p85, dwg 4143075322"
A,,CN6,5,MA3T,mag M45T,ATC,3-45,,NO_MESA_ALLOCATION,none,none,none,none,UNALLOCATED,NO_MESA_ALLOCATION,No current Mesa authority row claims this conductor; review only if the OEM function is retained.,"41434WB PDF p85, dwg 4143075322"
A,,CN6,6,,(not used - blank on source table),spare,,,NO_CONNECTION,none,none,none,none,UNALLOCATED,NO_CONNECTION,No conductor to land; positively unused on the cited OEM table.,"41434WB PDF p85, dwg 4143075322"
A,SERVO_READY,CN6,7,SA,SERVO READY,servo,CNB-13,,MESA_ROUTE,7i84U-A,TB2,IN31,servo-ready,FACTORY_INTERFACE,ROUTE_DEFINED_FIELD_VERIFY,Wire before first motion if available | [LADDER-REF 2026-08-10 (approved AG): docs/ladder/estop_ladder_transcription.md],"41434WB PDF p85, dwg 4143075322"
A,WORK_LIGHT,CN6,8,WL,WORK LIGHT,aux,3-34,,MESA_ROUTE,7i84U-B,TB2,OUT9,none,RESERVED,HOLD_RESERVED,Reassigned from SEVENI84UB_OUT9_SPARE 2026-08-09 | [CONFIRM 2026-08-09: 100VAC lamp confirmed by Andy - requires interposing relay RLY-8; same topology as RLY-5/6/7 (AIR_BLAST/TOUCH_SENSOR_BLAST/TAP_COOLANT_BLAST)] | Relay coil rating and CB-panel landing point not yet verified | RESERVED 2026-08-11: hal_net set to none (no HAL binding yet) - re-assert net work-light when RLY-8 is wired | !! 100VAC LOAD: OUT9 drives the RLY-8 coil only; the lamp circuit is 100VAC - do NOT repurpose OUT9 as a low-voltage DC output while RLY-8 is landed,"41434WB PDF p85, dwg 4143075322"
A,,CN6,9,SSET,SPINDLE SET,spindle,23-43,,NO_MESA_ALLOCATION,none,none,none,none,UNALLOCATED,NO_MESA_ALLOCATION,No current Mesa authority row claims this conductor; review only if the OEM function is retained.,"41434WB PDF p85, dwg 4143075322"
A,,CN6,10,CTL,LOW GEAR OVER TRAVEL,gear,23-48,,NO_MESA_ALLOCATION,none,none,none,none,UNALLOCATED,NO_MESA_ALLOCATION,No current Mesa authority row claims this conductor; review only if the OEM function is retained.,"41434WB PDF p85, dwg 4143075322"
A,,CN6,11,OTR,OVER TRAVEL RELEASE,limit,23-22,,NO_MESA_ALLOCATION,none,none,none,none,UNALLOCATED,NO_MESA_ALLOCATION,No current Mesa authority row claims this conductor; review only if the OEM function is retained.,"41434WB PDF p85, dwg 4143075322"
A,,CN6,12,+LYZ,+YZ OVER TRAVEL,limit,CN2-14,,NO_MESA_ALLOCATION,none,none,none,none,UNALLOCATED,NO_MESA_ALLOCATION,No current Mesa authority row claims this conductor; review only if the OEM function is retained.,"41434WB PDF p85, dwg 4143075322"
A,,CN6,13,-LYZ,-YZ OVER TRAVEL,limit,CN1-5,,NO_MESA_ALLOCATION,none,none,none,none,UNALLOCATED,NO_MESA_ALLOCATION,No current Mesa authority row claims this conductor; review only if the OEM function is retained.,"41434WB PDF p85, dwg 4143075322"
A,,CN6,14,,(not used - blank on source table),spare,,,NO_CONNECTION,none,none,none,none,UNALLOCATED,NO_CONNECTION,No conductor to land; positively unused on the cited OEM table.,"41434WB PDF p85, dwg 4143075322"
A,,CN6,15,,(not used - blank on source table),spare,,,NO_CONNECTION,none,none,none,none,UNALLOCATED,NO_CONNECTION,No conductor to land; positively unused on the cited OEM table.,"41434WB PDF p85, dwg 4143075322"
A,,CN6,16,,(not used - blank on source table),spare,,,NO_CONNECTION,none,none,none,none,UNALLOCATED,NO_CONNECTION,No conductor to land; positively unused on the cited OEM table.,"41434WB PDF p85, dwg 4143075322"
A,,CN6,17,+24V,DC24V COM (+),power,CN11-33,CN30A TB1-1,OEM_POWER_OR_COMMON,none,none,none,none,UNALLOCATED,OEM_POWER_OR_COMMON,Do not assign to a signal input/output; preserve the documented electrical domain and verify rail disposition separately.,"41434WB PDF p85, dwg 4143075322"
A,,CN6,18,TAPC,TAP COOLANT,coolant,CNB-46,,NO_MESA_ALLOCATION,none,none,none,none,UNALLOCATED,NO_MESA_ALLOCATION,No current Mesa authority row claims this conductor; review only if the OEM function is retained.,"41434WB PDF p85, dwg 4143075322"
A,,CN6,19,MMAL,MIL FUNCTION,MFN,2-25,,NO_MESA_ALLOCATION,none,none,none,none,UNALLOCATED,NO_MESA_ALLOCATION,No current Mesa authority row claims this conductor; review only if the OEM function is retained.,"41434WB PDF p85, dwg 4143075322"
A,,CN6,20,PW1,POWER ON,power,23-17,,OEM_POWER_OR_COMMON,none,none,none,none,UNALLOCATED,OEM_POWER_OR_COMMON,Do not assign to a signal input/output; preserve the documented electrical domain and verify rail disposition separately.,"41434WB PDF p85, dwg 4143075322"
A,,CN6,21,P24,MAIN PANE POWER ON,power,CN12-21,TB1-1,OEM_POWER_OR_COMMON,none,none,none,none,UNALLOCATED,OEM_POWER_OR_COMMON,Do not assign to a signal input/output; preserve the documented electrical domain and verify rail disposition separately.,"41434WB PDF p85, dwg 4143075322"
A,,CN6,22,,(not used - blank on source table),spare,,,NO_CONNECTION,none,none,none,none,UNALLOCATED,NO_CONNECTION,No conductor to land; positively unused on the cited OEM table.,"41434WB PDF p85, dwg 4143075322"
A,,CN6,23,238,MACHINE DOOR INTERLOCK,safety,CN2-38,,OEM_SAFETY_RETAIN,none,none,none,none,UNALLOCATED,OEM_SAFETY_RETAIN,Retain in the untouched OEM safety circuit; no Mesa GPIO route.,"41434WB PDF p85, dwg 4143075322"
A,,CN6,24,241,POWER ON MAIN LAMP INTERLOCK,power,CN2-23,,OEM_POWER_OR_COMMON,none,none,none,none,UNALLOCATED,OEM_POWER_OR_COMMON,Do not assign to a signal input/output; preserve the documented electrical domain and verify rail disposition separately.,"41434WB PDF p85, dwg 4143075322"
A,,CN6,25,240,main lamp interlock 2,power,-39,,OEM_POWER_OR_COMMON,none,none,none,none,UNALLOCATED,OEM_POWER_OR_COMMON,Do not assign to a signal input/output; preserve the documented electrical domain and verify rail disposition separately.,"41434WB PDF p85, dwg 4143075322"
A,,CN6,26,ES1,SPINDLE SPEED,spindle,CN2-1,,NO_MESA_ALLOCATION,none,none,none,none,UNALLOCATED,NO_MESA_ALLOCATION,No current Mesa authority row claims this conductor; review only if the OEM function is retained.,"41434WB PDF p85, dwg 4143075322"
A,SERVO_FAULT,CN6,27,SER,SERVO ERROR,servo,CN2-13,,MESA_ROUTE,7i84U-A,TB3,IN10,servo-fault,FACTORY_INTERFACE,ROUTE_DEFINED_FIELD_VERIFY,Owner decision 2026-08-11 (AG): OEM SER is ONE combined servo-error contact for all axes (only one SER line on the 50-pin CN6) not per-axis; IN10 fans out to all three joint amp-faults; IN11/IN12 freed to spare. Bench-verify HD81/HD101 ALM polarity before enabling | [LADDER-REF 2026-08-10 (approved AG): docs/ladder/estop_ladder_transcription.md],"41434WB PDF p85, dwg 4143075322"
A,,CN6,28,SRV,SPINDLE SERVO,spindle,3-13,,NO_MESA_ALLOCATION,none,none,none,none,UNALLOCATED,NO_MESA_ALLOCATION,No current Mesa authority row claims this conductor; review only if the OEM function is retained.,"41434WB PDF p85, dwg 4143075322"
A,,CN6,29,SMR,SPINDLE READY,spindle,3-20,,NO_MESA_ALLOCATION,none,none,none,none,UNALLOCATED,NO_MESA_ALLOCATION,No current Mesa authority row claims this conductor; review only if the OEM function is retained.,"41434WB PDF p85, dwg 4143075322"
A,,CN6,30,ORCH1,RUN COMMAND,spindle,23-45,,NO_MESA_ALLOCATION,none,none,none,none,UNALLOCATED,NO_MESA_ALLOCATION,No current Mesa authority row claims this conductor; review only if the OEM function is retained.,"41434WB PDF p85, dwg 4143075322"
A,,CN6,31,,(not used - blank on source table),spare,,,NO_CONNECTION,none,none,none,none,UNALLOCATED,NO_CONNECTION,No conductor to land; positively unused on the cited OEM table.,"41434WB PDF p85, dwg 4143075322"
A,,CN6,32,,(not used - blank on source table),spare,,,NO_CONNECTION,none,none,none,none,UNALLOCATED,NO_CONNECTION,No conductor to land; positively unused on the cited OEM table.,"41434WB PDF p85, dwg 4143075322"
A,,CN6,33,TCME,T-CODE NO MEMORY,ATC,CN12-1,,NO_MESA_ALLOCATION,none,none,none,none,UNALLOCATED,NO_MESA_ALLOCATION,No current Mesa authority row claims this conductor; review only if the OEM function is retained.,"41434WB PDF p85, dwg 4143075322"
A,,CN6,34,NSFT,NG TOOL,ATC,2-48,,NO_MESA_ALLOCATION,none,none,none,none,UNALLOCATED,NO_MESA_ALLOCATION,No current Mesa authority row claims this conductor; review only if the OEM function is retained.,"41434WB PDF p85, dwg 4143075322"
A,,CN6,35,,(not used - blank on source table),spare,,,NO_CONNECTION,none,none,none,none,UNALLOCATED,NO_CONNECTION,No conductor to land; positively unused on the cited OEM table.,"41434WB PDF p85, dwg 4143075322"
A,,CN6,36,,(not used - blank on source table),spare,,,NO_CONNECTION,none,none,none,none,UNALLOCATED,NO_CONNECTION,No conductor to land; positively unused on the cited OEM table.,"41434WB PDF p85, dwg 4143075322"
A,,CN6,37,381,MAGAZINE TOOL DETECTOR,ATC,CN2-13,,NO_MESA_ALLOCATION,none,none,none,none,UNALLOCATED,NO_MESA_ALLOCATION,No current Mesa authority row claims this conductor; review only if the OEM function is retained.,"41434WB PDF p85, dwg 4143075322"
A,,CN6,38,,(not used - row slashed out on source table),spare,,,NO_CONNECTION,none,none,none,none,UNALLOCATED,NO_CONNECTION,No conductor to land; positively unused on the cited OEM table.,"41434WB PDF p85, dwg 4143075322"
A,LUBE_OK,CN6,39,355,HEAD LUBE PRESSURE,lube,CN1-6,,MESA_ROUTE,7i84U-A,TB2,IN25,lube-ok,FACTORY_INTERFACE,ROUTE_DEFINED_FIELD_VERIFY,"One physical head-lube pressure switch only: PS-5 wire 355 = X079 HLP.M. Owner confirmed on the machine 2026-08-09. X042 HLP2.M exists in the generic element list but has no second physical switch on SN 060231 and is not part of LUBE_OK. Land IN25 from PS-5 alone. Verify normal-state polarity and fail-open behavior before commissioning. | [2026-08-13 PHYSICALLY CONFIRMED: photo shows the device's stamped 'PS 5' tag with wire 355 and G24 return attached - device tag, wire number and CN6-39 now agree across machine, BBIA-1 pinout and this row. G24 is the OEM 24V common, so this input MUST cross the interposing-relay boundary. Contact form and trip pressure still unverified. Status promotion recommended pending owner approval. See wiring/head_valve_hardware.md]","41434WB PDF p85, dwg 4143075322"
A,,CN6,40,,(not used - blank on source table),spare,,,NO_CONNECTION,none,none,none,none,UNALLOCATED,NO_CONNECTION,No conductor to land; positively unused on the cited OEM table.,"41434WB PDF p85, dwg 4143075322"
A,,CN6,41,0G,DC24V COM (NC),common,CNB23-1,,OEM_POWER_OR_COMMON,none,none,none,none,UNALLOCATED,OEM_POWER_OR_COMMON,Do not assign to a signal input/output; preserve the documented electrical domain and verify rail disposition separately.,"41434WB PDF p85, dwg 4143075322"
A,,CN6,42,0G,DC24V COM (NC),common,CNB23-3,,OEM_POWER_OR_COMMON,none,none,none,none,UNALLOCATED,OEM_POWER_OR_COMMON,Do not assign to a signal input/output; preserve the documented electrical domain and verify rail disposition separately.,"41434WB PDF p85, dwg 4143075322"
A,,CN6,43,0G,DC24V COM (NC),common,CNB23-4,,OEM_POWER_OR_COMMON,none,none,none,none,UNALLOCATED,OEM_POWER_OR_COMMON,Do not assign to a signal input/output; preserve the documented electrical domain and verify rail disposition separately.,"41434WB PDF p85, dwg 4143075322"
A,,CN6,44,0G,DC24V COM (NC),common,CNB23-6,,OEM_POWER_OR_COMMON,none,none,none,none,UNALLOCATED,OEM_POWER_OR_COMMON,Do not assign to a signal input/output; preserve the documented electrical domain and verify rail disposition separately.,"41434WB PDF p85, dwg 4143075322"
A,,CN6,45,,(not used - row slashed out on source table),spare,,,NO_CONNECTION,none,none,none,none,UNALLOCATED,NO_CONNECTION,No conductor to land; positively unused on the cited OEM table.,"41434WB PDF p85, dwg 4143075322"
A,,CN6,46,0G,DC24V COM (NC),common,CNB23-18,,OEM_POWER_OR_COMMON,none,none,none,none,UNALLOCATED,OEM_POWER_OR_COMMON,Do not assign to a signal input/output; preserve the documented electrical domain and verify rail disposition separately.,"41434WB PDF p85, dwg 4143075322"
A,,CN6,47,0G,DC24V COM (NC),common,CNB-48,,OEM_POWER_OR_COMMON,none,none,none,none,UNALLOCATED,OEM_POWER_OR_COMMON,Do not assign to a signal input/output; preserve the documented electrical domain and verify rail disposition separately.,"41434WB PDF p85, dwg 4143075322"
A,,CN6,48,,(not used - blank on source table),spare,,,NO_CONNECTION,none,none,none,none,UNALLOCATED,NO_CONNECTION,No conductor to land; positively unused on the cited OEM table.,"41434WB PDF p85, dwg 4143075322"
A,,CN6,49,,(not used - blank on source table),spare,,,NO_CONNECTION,none,none,none,none,UNALLOCATED,NO_CONNECTION,No conductor to land; positively unused on the cited OEM table.,"41434WB PDF p85, dwg 4143075322"
A,SPINDLE_TOOL_AVAILABLE,CN6,50,382,SPINDLE TOOL DETECTOR,ATC,CN2-42,,MESA_ROUTE,7i84U-A,TB3,IN3,spindle-tool-avail,FACTORY_INTERFACE,ROUTE_DEFINED_FIELD_VERIFY,HAL net bound in atc_orient.hal | [LADDER-REF 2026-08-10 (approved AG): docs/ladder/atc_ladder_transcription.md],"41434WB PDF p85, dwg 4143075322"
A,,CN3,1,EHB,EMERGENCY STOP,safety,CN5-43,TB5-D1 1-1,OEM_SAFETY_RETAIN,none,none,none,none,UNALLOCATED,OEM_SAFETY_RETAIN,Retain in the untouched OEM safety circuit; no Mesa GPIO route.,"41434WB PDF p84, dwg 4143075321"
A,,CN3,2,147,HEAD LUBE PRESSURE,lube,4-28,TB5-A11,NO_MESA_ALLOCATION,none,none,none,none,UNALLOCATED,NO_MESA_ALLOCATION,No current Mesa authority row claims this conductor; review only if the OEM function is retained.,"41434WB PDF p84, dwg 4143075321"
A,,CN3,3,142,TOOL CLAMP INTERLOCK,interlock,1-22,TB5-D2 1-02,NO_MESA_ALLOCATION,none,none,none,none,UNALLOCATED,NO_MESA_ALLOCATION,No current Mesa authority row claims this conductor; review only if the OEM function is retained.,"41434WB PDF p84, dwg 4143075321"
A,,CN3,4,143,ZERO SPEED,spindle,1-1,TB5-0101,NO_MESA_ALLOCATION,none,none,none,none,UNALLOCATED,NO_MESA_ALLOCATION,No current Mesa authority row claims this conductor; review only if the OEM function is retained.,"41434WB PDF p84, dwg 4143075321"
A,,CN3,5,,(not used - blank on source table),spare,,,NO_CONNECTION,none,none,none,none,UNALLOCATED,NO_CONNECTION,No conductor to land; positively unused on the cited OEM table.,"41434WB PDF p84, dwg 4143075321"
A,,CN3,6,,(not used - blank on source table),spare,,,NO_CONNECTION,none,none,none,none,UNALLOCATED,NO_CONNECTION,No conductor to land; positively unused on the cited OEM table.,"41434WB PDF p84, dwg 4143075321"
A,,CN3,7,,(not used - blank on source table),spare,,,NO_CONNECTION,none,none,none,none,UNALLOCATED,NO_CONNECTION,No conductor to land; positively unused on the cited OEM table.,"41434WB PDF p84, dwg 4143075321"
A,,CN3,8,NO,COM,common,CN6-51,TB5-D2 2-10,OEM_POWER_OR_COMMON,none,none,none,none,UNALLOCATED,OEM_POWER_OR_COMMON,Do not assign to a signal input/output; preserve the documented electrical domain and verify rail disposition separately.,"41434WB PDF p84, dwg 4143075321"
A,,CN3,9,SET2,COM,spindle,CN6-8,TB5-09,NO_MESA_ALLOCATION,none,none,none,none,UNALLOCATED,NO_MESA_ALLOCATION,No current Mesa authority row claims this conductor; review only if the OEM function is retained.,"41434WB PDF p84, dwg 4143075321"
A,,CN3,10,SET1,SPINDLE SET FORWARD,spindle,CN6-7,TB5-D1 1-97,NO_MESA_ALLOCATION,none,none,none,none,UNALLOCATED,NO_MESA_ALLOCATION,No current Mesa authority row claims this conductor; review only if the OEM function is retained.,"41434WB PDF p84, dwg 4143075321"
A,,CN3,11,SRN,SPINDLE FORWARD,spindle,CN6-9,TB5-A111,NO_MESA_ALLOCATION,none,none,none,none,UNALLOCATED,NO_MESA_ALLOCATION,No current Mesa authority row claims this conductor; review only if the OEM function is retained.,"41434WB PDF p84, dwg 4143075321"
A,,CN3,12,SRI,SPINDLE REVERSE,spindle,CN6-10,TB5-A-21,NO_MESA_ALLOCATION,none,none,none,none,UNALLOCATED,NO_MESA_ALLOCATION,No current Mesa authority row claims this conductor; review only if the OEM function is retained.,"41434WB PDF p84, dwg 4143075321"
A,,CN3,13,,SPARE,spare,,,NO_CONNECTION,none,none,none,none,UNALLOCATED,NO_CONNECTION,No conductor to land; positively unused on the cited OEM table.,"41434WB PDF p84, dwg 4143075321"
A,SPINDLE_ORIENT_CMD,CN3,14,ORI C1,ORIENT COMMAND,spindle,CN4-12,TB5-D2 2-A1,MESA_ROUTE,7i84U-A,TB3,OUT4,spindle-orient-cmd,FACTORY_INTERFACE,ROUTE_DEFINED_FIELD_VERIFY,"Gated by spindle-motion-permit; validate ladder sequence exact drive terminal relay topology and polarity before landing the field wire | [RECON 2026-08-08 §A: element list confirms Y093 ORCM1.M 'SPINDLE ORIENT COMMAND' (.M not .MV) on 060231] | [RECON 2026-08-08 §D: FR-SX CTM] | [LOCATED 2026-08-08: ORC1 CON1-25 wire 4-12 T.U CN3-14, Dwg 4143075408 pg134] | [LADDER-REF 2026-08-10 (approved AG): docs/ladder/spindle_run_ladder_transcription.md]","41434WB PDF p84, dwg 4143075321"
A,SPINDLE_ORIENT_LOGEAR,CN3,15,CTL,LOW GEAR SHIFT,spindle,CN4-13,TB5-A151,MESA_ROUTE,7i84U-A,TB3,OUT5,orient-lo-gear,FACTORY_INTERFACE,ROUTE_DEFINED_FIELD_VERIFY,"Verify in ladder whether required in high gear too | [RECON 2026-08-08 §A: element list confirms Y094 CTL.M 'LOW GEAR ORIENT' — low-gear-specific on 060231] | [RECON 2026-08-08 §D: FR-SX GTL] | [LOCATED 2026-08-08: CTL 'LOW GEAR ORIENT' CON1-27 wire 4-13 T.U CN3-15, Dwg 4143075408 pg134 - confirms low-gear orient assist] | [LADDER-REF 2026-08-10 (approved AG): docs/ladder/spindle_run_ladder_transcription.md]","41434WB PDF p84, dwg 4143075321"
A,,CN3,16,,(not used - blank on source table),spare,,,NO_CONNECTION,none,none,none,none,UNALLOCATED,NO_CONNECTION,No conductor to land; positively unused on the cited OEM table.,"41434WB PDF p84, dwg 4143075321"
A,,CN3,17,,(not used - blank on source table),spare,,,NO_CONNECTION,none,none,none,none,UNALLOCATED,NO_CONNECTION,No conductor to land; positively unused on the cited OEM table.,"41434WB PDF p84, dwg 4143075321"
A,,CN3,18,,(not used - blank on source table),spare,,,NO_CONNECTION,none,none,none,none,UNALLOCATED,NO_CONNECTION,No conductor to land; positively unused on the cited OEM table.,"41434WB PDF p84, dwg 4143075321"
A,,CN3,19,,(not used - blank on source table),spare,,,NO_CONNECTION,none,none,none,none,UNALLOCATED,NO_CONNECTION,No conductor to land; positively unused on the cited OEM table.,"41434WB PDF p84, dwg 4143075321"
A,,CN3,20,,(not used - blank on source table),spare,,,NO_CONNECTION,none,none,none,none,UNALLOCATED,NO_CONNECTION,No conductor to land; positively unused on the cited OEM table.,"41434WB PDF p84, dwg 4143075321"
A,,CN3,21,,(not used - blank on source table),spare,,,NO_CONNECTION,none,none,none,none,UNALLOCATED,NO_CONNECTION,No conductor to land; positively unused on the cited OEM table.,"41434WB PDF p84, dwg 4143075321"
A,,CN3,22,,(not used - blank on source table),spare,,,NO_CONNECTION,none,none,none,none,UNALLOCATED,NO_CONNECTION,No conductor to land; positively unused on the cited OEM table.,"41434WB PDF p84, dwg 4143075321"
A,,CN3,23,,(not used - blank on source table),spare,,,NO_CONNECTION,none,none,none,none,UNALLOCATED,NO_CONNECTION,No conductor to land; positively unused on the cited OEM table.,"41434WB PDF p84, dwg 4143075321"
A,,CN3,24,,(not used - blank on source table),spare,,,NO_CONNECTION,none,none,none,none,UNALLOCATED,NO_CONNECTION,No conductor to land; positively unused on the cited OEM table.,"41434WB PDF p84, dwg 4143075321"
A,,CN3,25,,(not used - blank on source table),spare,,,NO_CONNECTION,none,none,none,none,UNALLOCATED,NO_CONNECTION,No conductor to land; positively unused on the cited OEM table.,"41434WB PDF p84, dwg 4143075321"
A,,CN3,26,,(not used - blank on source table),spare,,,NO_CONNECTION,none,none,none,none,UNALLOCATED,NO_CONNECTION,No conductor to land; positively unused on the cited OEM table.,"41434WB PDF p84, dwg 4143075321"
A,,CN3,27,,(not used - blank on source table),spare,,,NO_CONNECTION,none,none,none,none,UNALLOCATED,NO_CONNECTION,No conductor to land; positively unused on the cited OEM table.,"41434WB PDF p84, dwg 4143075321"
A,,CN3,28,,(not used - blank on source table),spare,,,NO_CONNECTION,none,none,none,none,UNALLOCATED,NO_CONNECTION,No conductor to land; positively unused on the cited OEM table.,"41434WB PDF p84, dwg 4143075321"
A,,CN3,29,,(not used - blank on source table),spare,,,NO_CONNECTION,none,none,none,none,UNALLOCATED,NO_CONNECTION,No conductor to land; positively unused on the cited OEM table.,"41434WB PDF p84, dwg 4143075321"
A,,CN3,30,,(not used - blank on source table),spare,,,NO_CONNECTION,none,none,none,none,UNALLOCATED,NO_CONNECTION,No conductor to land; positively unused on the cited OEM table.,"41434WB PDF p84, dwg 4143075321"
A,,CN3,31,,(not used - blank on source table),spare,,,NO_CONNECTION,none,none,none,none,UNALLOCATED,NO_CONNECTION,No conductor to land; positively unused on the cited OEM table.,"41434WB PDF p84, dwg 4143075321"
A,,CN3,32,,(not used - blank on source table),spare,,,NO_CONNECTION,none,none,none,none,UNALLOCATED,NO_CONNECTION,No conductor to land; positively unused on the cited OEM table.,"41434WB PDF p84, dwg 4143075321"
A,,CN3,33,COM,COM (DECEL) (CTL),common,CN4-15,TB5-D2 1-12,OEM_POWER_OR_COMMON,none,none,none,none,UNALLOCATED,OEM_POWER_OR_COMMON,Do not assign to a signal input/output; preserve the documented electrical domain and verify rail disposition separately.,"41434WB PDF p84, dwg 4143075321"
A,,CN3,34,,(not used - blank on source table),spare,,,NO_CONNECTION,none,none,none,none,UNALLOCATED,NO_CONNECTION,No conductor to land; positively unused on the cited OEM table.,"41434WB PDF p84, dwg 4143075321"
A,,CN3,35,WLAL,WAY LUBE ALARM,alarm,1-49,TB5-D2 2-A3,NO_MESA_ALLOCATION,none,none,none,none,UNALLOCATED,NO_MESA_ALLOCATION,No current Mesa authority row claims this conductor; review only if the OEM function is retained.,"41434WB PDF p84, dwg 4143075321"
A,,CN3,36,362,MAGAZINE TIMER,ATC,CN2-1,TB5-E,NO_MESA_ALLOCATION,none,none,none,none,UNALLOCATED,NO_MESA_ALLOCATION,No current Mesa authority row claims this conductor; review only if the OEM function is retained.,"41434WB PDF p84, dwg 4143075321"
A,Y_LIMIT_PLUS,CN3,37,+LY,+Y OVER TRAVEL,limit,CNB-40,TB5-0122,MESA_ROUTE,7i84U-B,TB3,IN2,limit-y-plus,FACTORY_INTERFACE,ROUTE_DEFINED_FIELD_VERIFY,"NC contact consumed through input-02-not; promote to FIELD_VERIFIED after continuity and fail-open test | [LOCATED 2026-08-09: +Y OVER TRAVEL X22 *+LY wire 1-47, Dwg 4143075410 (Motion Switch Input 4) pg136] | [LADDER-REF 2026-08-10 (approved AG): docs/ladder/interlocks_ladder_transcription.md]","41434WB PDF p84, dwg 4143075321"
A,Z_LIMIT_MINUS,CN3,38,-LZ,-Z OVER TRAVEL,limit,1-38,TB5-D2 1-B12,MESA_ROUTE,7i84U-B,TB3,IN5,limit-z-minus,FACTORY_INTERFACE,ROUTE_DEFINED_FIELD_VERIFY,"NC contact consumed through input-05-not; promote to FIELD_VERIFIED after continuity and fail-open test | [LOCATED 2026-08-09: -Z OVER TRAVEL X25 *-LZ wire 1-50, Dwg 4143075410 (Motion Switch Input 4) pg136. Physical LS switch designator not on this sheet - bench-verify] | [LADDER-REF 2026-08-10 (approved AG): docs/ladder/interlocks_ladder_transcription.md]","41434WB PDF p84, dwg 4143075321"
A,ATC_ZONE_Z,CN3,39,147,OIL TEMP DETECTOR,alarm,1-7,TB5-0503,MESA_ROUTE,7i84U-A,TB3,IN1,atc-z-zone,FACTORY_INTERFACE,HOLD_OEM_CONFLICT,CN3-39 is -LZ2 in the motion sheet but 147/OIL TEMP (and TOOL DETECTOR in another read) in the terminal-unit table; continuity trace required.,"41434WB PDF p84, dwg 4143075321"
A,,CN3,40,SP1,spare,spare,,,OEM_SPARE_CONDUCTOR,none,none,none,none,UNALLOCATED,OEM_SPARE_CONDUCTOR,A factory spare conductor exists; insulate and preserve its identity unless a reviewed revision deliberately repurposes it.,"41434WB PDF p84, dwg 4143075321"
A,,CN3,41,SP2,spare,spare,,,OEM_SPARE_CONDUCTOR,none,none,none,none,UNALLOCATED,OEM_SPARE_CONDUCTOR,A factory spare conductor exists; insulate and preserve its identity unless a reviewed revision deliberately repurposes it.,"41434WB PDF p84, dwg 4143075321"
A,,CN3,42,SP3,spare,spare,,,OEM_SPARE_CONDUCTOR,none,none,none,none,UNALLOCATED,OEM_SPARE_CONDUCTOR,A factory spare conductor exists; insulate and preserve its identity unless a reviewed revision deliberately repurposes it.,"41434WB PDF p84, dwg 4143075321"
A,,CN3,43,SP4,spare,spare,,,OEM_SPARE_CONDUCTOR,none,none,none,none,UNALLOCATED,OEM_SPARE_CONDUCTOR,A factory spare conductor exists; insulate and preserve its identity unless a reviewed revision deliberately repurposes it.,"41434WB PDF p84, dwg 4143075321"
A,ATC_ZONE_Y,CN3,44,SPTD,SPINDLE TIMER,spindle,CNB-44,TB5-D1 1-14,MESA_ROUTE,7i84U-A,TB3,IN0,atc-y-zone,FACTORY_INTERFACE,HOLD_OEM_CONFLICT,CN3-44 is +LY2 in the motion sheet but SPTD/SPINDLE TIMER (and SPINDLE TOOL DETECTOR in another read) in the terminal-unit table; continuity trace required.,"41434WB PDF p84, dwg 4143075321"
A,,CN3,45,,(not used - blank on source table),spare,,,NO_CONNECTION,none,none,none,none,UNALLOCATED,NO_CONNECTION,No conductor to land; positively unused on the cited OEM table.,"41434WB PDF p84, dwg 4143075321"
A,,CN3,46,,(not used - blank on source table),spare,,,NO_CONNECTION,none,none,none,none,UNALLOCATED,NO_CONNECTION,No conductor to land; positively unused on the cited OEM table.,"41434WB PDF p84, dwg 4143075321"
A,,CN3,47,,(not used - blank on source table),spare,,,NO_CONNECTION,none,none,none,none,UNALLOCATED,NO_CONNECTION,No conductor to land; positively unused on the cited OEM table.,"41434WB PDF p84, dwg 4143075321"
A,,CN3,48,,(not used - blank on source table),spare,,,NO_CONNECTION,none,none,none,none,UNALLOCATED,NO_CONNECTION,No conductor to land; positively unused on the cited OEM table.,"41434WB PDF p84, dwg 4143075321"
A,,CN3,49,+24V,DC24V +COM,power,,,OEM_POWER_OR_COMMON,none,none,none,none,UNALLOCATED,OEM_POWER_OR_COMMON,Do not assign to a signal input/output; preserve the documented electrical domain and verify rail disposition separately.,"41434WB PDF p84, dwg 4143075321"
A,,CN3,50,+24V,DC24V +COM,power,,,OEM_POWER_OR_COMMON,none,none,none,none,UNALLOCATED,OEM_POWER_OR_COMMON,Do not assign to a signal input/output; preserve the documented electrical domain and verify rail disposition separately.,"41434WB PDF p84, dwg 4143075321"
A,,CN11,1,208B,MAGAZINE CW (REV),PLC output,,SSR bd CN11-1,NO_MESA_ALLOCATION,none,none,none,none,UNALLOCATED,NO_MESA_ALLOCATION,No current Mesa authority row claims this conductor; review only if the OEM function is retained.,"41434WB PDF p85, dwg 4143075322"
A,,CN11,2,208A,MAGAZINE CCW (FOR),PLC output,,SSR bd CN11-2,NO_MESA_ALLOCATION,none,none,none,none,UNALLOCATED,NO_MESA_ALLOCATION,No current Mesa authority row claims this conductor; review only if the OEM function is retained.,"41434WB PDF p85, dwg 4143075322"
A,TOOL_UNCLAMP_SOL,CN11,3,710,TOOL UNCLAMP,PLC output,,SSR bd CN11-3,MESA_ROUTE,7i84U-A,TB2,OUT10,tool-unclamp-sol,FACTORY_INTERFACE,ROUTE_DEFINED_FIELD_VERIFY,"Evidence supports SOL-10 tool unclamp; verify relay path and whether the valve is single-coil or dual-coil before energizing | [C5 2026-08-09: sole tool-clamp/unclamp output. SOL-10 single-coil spring-return - energize=unclamp, de-energize=clamp. TOOL_CLAMP_SOL/OUT9 dropped. Confirm RLY-4 load at cabinet.] | [LADDER-REF 2026-08-10 (approved AG): docs/ladder/atc_ladder_transcription.md] | [2026-08-13 CONFIRMED: wire 410 read at the coil on a separate Nachi directional valve = SOL-10 tool unclamp, single coil]","41434WB PDF p85, dwg 4143075322"
A,GEAR_HI_SOL,CN11,4,712,GEAR SHIFT HIGH,PLC output,,SSR bd CN11-4,MESA_ROUTE,7i84U-A,TB3,OUT7,gear-hi-sol,FACTORY_INTERFACE,ROUTE_DEFINED_FIELD_VERIFY,Measure coil voltage before selecting relay contacts | [RECON 2026-08-08 §G: SWAPPED SOL-13->SOL-12 per Dwg 41431075414 p140 (Solenoid Driver 1) + element list Y00B GSH.M=SOL-12=HIGH] | [CONFIRMED 2026-08-08: pg100 TB-51 (Dwg 4143075338) wire 412->SOL-12->GEAR SHIFT HIGH; physical double-check of §G swap complete] | [LADDER-REF 2026-08-10 (approved AG): docs/ladder/orient_ladder_transcription.md] | [2026-08-13 CONFIRMED: wire 412 read at the LEFT coil of the Nachi SA-G01-E3X-C1-31 double-solenoid valve = SOL-12 gear shift high],"41434WB PDF p85, dwg 4143075322"
A,GEAR_LO_SOL,CN11,5,213,GEAR SHIFT LOW,PLC output,,SSR bd CN11-5,MESA_ROUTE,7i84U-A,TB2,OUT8,gear-lo-sol,FACTORY_INTERFACE,ROUTE_DEFINED_FIELD_VERIFY,Conflict: connector_crossref.md omits SOL-12 and identifies SOL-13 as low; verify both gear-shift coils before wiring | [RECON 2026-08-08 §G: SWAPPED SOL-12->SOL-13 per Dwg 41431075414 p140 + element list Y00C GSL.M=SOL-13=LOW; HOLD_CONFLICT cleared] | [CONFIRMED 2026-08-08: pg100 TB-51 (Dwg 4143075338) wire 413->SOL-13->GEAR SHIFT LOW; physical double-check of §G swap complete] | [LADDER-REF 2026-08-10 (approved AG): docs/ladder/orient_ladder_transcription.md] | [2026-08-13 CONFIRMED: wire 413 read at the RIGHT coil of the same Nachi SA-G01-E3X-C1-31 valve = SOL-13 gear shift low. Both gear coils are on ONE 3-position valve],"41434WB PDF p85, dwg 4143075322"
A,AIR_BLAST,CN11,6,215,SPINDLE AIR BLAST,PLC output,,SSR bd CN11-6,MESA_ROUTE,7i84U-B,TB3,OUT3,air-blast,FACTORY_INTERFACE,ROUTE_DEFINED_FIELD_VERIFY,"[LADDER-REF 2026-08-10 (approved AG): docs/ladder/coolant_ladder_transcription.md] | [2026-08-12 CONFLICT: the OEM head placard (dwg 24136209710) disagrees with this solenoid identity - see wiring/authority_conflicts.md section 5 and wiring/head_device_placard.md. Nothing changed here; identity must be settled BEFORE RLY-5/6/7 are wired.] | [2026-08-13 IDENTIFIED: coil wire label read on the machine = 415 -> SOL-15 SPINDLE AIR BLAST, matching connector_crossref (OEM pg90). The SOL-62 label on this row was WRONG. Function and wire were already correct, so the fix is a relabel not a rebinding. Owner approval pending. See wiring/authority_conflicts.md section 5] | [2026-08-13 APPLIED (owner approved): field point corrected SOL-62 -> SOL-15. Coil wire label read on the machine = 415 (RC3A side) / 215 (terminal-unit side, CN11-6). Function and wire were already correct - this was a relabel, not a rebinding. hal_net air-blast and the OUT3 binding are unchanged.]","41434WB PDF p85, dwg 4143075322"
A,WORK_AIR_BLAST,CN11,7,216,WORK AIR BLAST,PLC output,,SSR bd CN11-7,MESA_ROUTE,7i84U-B,TB3,OUT4,none,RESERVED,HOLD_RESERVED,"[LADDER-REF 2026-08-10 (approved AG): docs/ladder/coolant_ladder_transcription.md] | [2026-08-12 CONFLICT: the OEM head placard (dwg 24136209710) disagrees with this solenoid identity - see wiring/authority_conflicts.md section 5 and wiring/head_device_placard.md. Nothing changed here; identity must be settled BEFORE RLY-5/6/7 are wired.] | [2026-08-13 DEVICE NOT FITTED: owner confirms only two air solenoids exist on the head (415=SOL-15, 416=SOL-16) and there are no hidden ones. This row was labelled SOL-35 (dust inhole eliminate); neither SOL-35 nor SOL-61 (air jet) is on the head. SOL-61 serves the MMS touch sensor, already flagged OPTION_VERIFY. RECOMMEND NOT_USED/RESERVED - do not fit RLY-6. Owner decision. See authority_conflicts.md section 5] | [2026-08-13 REPURPOSED (owner approved): was TOUCH_SENSOR_BLAST / SOL-35. That device (MMS touch-sensor air jet, SOL-61) is NOT FITTED on this machine - only SOL-15 and SOL-16 exist on the head. This terminal is reallocated to SOL-16 WORK AIR BLAST, which IS fitted and wired (coil label 416 / CN11-7 wire 216) but previously had no authority row. RESERVED with hal_net none per the MANUAL_TOOL_CLAMP_PB precedent: real device, not yet field-verified, so deliberately HAL-unbound. Bind it once RLY-6 is fitted and the wire is confirmed.]","41434WB PDF p85, dwg 4143075322"
A,,CN11,8,217,MIST COOLANT,PLC output,,SSR bd CN11-8,NO_MESA_ALLOCATION,none,none,none,none,UNALLOCATED,NO_MESA_ALLOCATION,No current Mesa authority row claims this conductor; review only if the OEM function is retained.,"41434WB PDF p85, dwg 4143075322"
A,,CN11,9,262,TOOL MEASURING ARM EXTEND,PLC output,,SSR bd CN11-9,NO_MESA_ALLOCATION,none,none,none,none,UNALLOCATED,NO_MESA_ALLOCATION,No current Mesa authority row claims this conductor; review only if the OEM function is retained.,"41434WB PDF p85, dwg 4143075322"
A,,CN11,10,261,AIR JET,PLC output,,SSR bd CN11-10,NO_MESA_ALLOCATION,none,none,none,none,UNALLOCATED,NO_MESA_ALLOCATION,No current Mesa authority row claims this conductor; review only if the OEM function is retained.,"41434WB PDF p85, dwg 4143075322"
A,,CN11,11,235,DUST INHALE ELIMINATE,PLC output,,SSR bd CN11-11,NO_MESA_ALLOCATION,none,none,none,none,UNALLOCATED,NO_MESA_ALLOCATION,No current Mesa authority row claims this conductor; review only if the OEM function is retained.,"41434WB PDF p85, dwg 4143075322"
A,,CN11,12,236,OIL HOLE,PLC output,,SSR bd CN11-12,NO_MESA_ALLOCATION,none,none,none,none,UNALLOCATED,NO_MESA_ALLOCATION,No current Mesa authority row claims this conductor; review only if the OEM function is retained.,"41434WB PDF p85, dwg 4143075322"
A,FLOOD_VALVE,CN11,13,231,FLOOD COOLANT,PLC output,,SSR bd CN11-13,MESA_ROUTE,7i84U-B,TB3,OUT7,flood-valve,FACTORY_INTERFACE,ROUTE_DEFINED_FIELD_VERIFY,SOL-31 confirmed via TB-51 diagram. Separate from OUT11 pump on 7i84U-A. | [RECON 2026-08-08 §C: Y011 FCL valve genuinely distinct from Y010 FCM motor; Y012 THC through-hole separate] | [RECON 2026-08-08 follow-up: status PROPOSED -> COMMISSIONING_PENDING per §C element-list confirm] | [LADDER-REF 2026-08-10 (approved AG): docs/ladder/coolant_ladder_transcription.md],"41434WB PDF p85, dwg 4143075322"
A,,CN11,14,227,MAGAZINE COVER CLOSE,PLC output,,SSR bd CN11-14,NO_MESA_ALLOCATION,none,none,none,none,UNALLOCATED,NO_MESA_ALLOCATION,No current Mesa authority row claims this conductor; review only if the OEM function is retained.,"41434WB PDF p85, dwg 4143075322"
A,COOLANT_ON,CN11,15,236,FLOOD COOLANT MOTOR STARTER,PLC output,,SSR bd CN11-15,MESA_ROUTE,7i84U-A,TB2,OUT11,flood-coolant,FACTORY_INTERFACE,ROUTE_DEFINED_FIELD_VERIFY,May need interposing relay | [LADDER-REF 2026-08-10 (approved AG): docs/ladder/coolant_ladder_transcription.md],"41434WB PDF p85, dwg 4143075322"
A,HYD_PUMP_ON,CN11,16,235,HYDR. PUMP HEAD LUBE PUMP,PLC output,,SSR bd CN11-16,MESA_ROUTE,7i84U-A,TB3,OUT3,hyd-pump-on,FACTORY_INTERFACE,ROUTE_DEFINED_FIELD_VERIFY,Required before clamp/gear/ATC; interposing relay for contactor coil; prove HYD_PRESS_OK after start | [RECON 2026-08-08 §A: element list confirms Y096 HYD.M combined hydraulic + head-lube pump on 060231] | [LADDER-REF 2026-08-10 (approved AG): docs/ladder/estop_ladder_transcription.md],"41434WB PDF p85, dwg 4143075322"
A,,CN11,17,,(not used),spare,,,NO_CONNECTION,none,none,none,none,UNALLOCATED,NO_CONNECTION,No conductor to land; positively unused on the cited OEM table.,"41434WB PDF p85, dwg 4143075322"
A,,CN11,18,,(not used),spare,,,NO_CONNECTION,none,none,none,none,UNALLOCATED,NO_CONNECTION,No conductor to land; positively unused on the cited OEM table.,"41434WB PDF p85, dwg 4143075322"
A,,CN11,19,0G,DC24V -COM (NC),common,,SSR bd CN11-19,OEM_POWER_OR_COMMON,none,none,none,none,UNALLOCATED,OEM_POWER_OR_COMMON,Do not assign to a signal input/output; preserve the documented electrical domain and verify rail disposition separately.,"41434WB PDF p85, dwg 4143075322"
A,,CN11,20,0G,DC24V -COM (NC),common,,SSR bd CN11-20,OEM_POWER_OR_COMMON,none,none,none,none,UNALLOCATED,OEM_POWER_OR_COMMON,Do not assign to a signal input/output; preserve the documented electrical domain and verify rail disposition separately.,"41434WB PDF p85, dwg 4143075322"
A,,CN12,1,722A,(function unconfirmed - 2PC/pallet output),SSR out,,,NO_MESA_ALLOCATION,none,none,none,none,UNALLOCATED,NO_MESA_ALLOCATION,No current Mesa authority row claims this conductor; review only if the OEM function is retained.,"41434WB PDF p78, dwg 4143175309; terminal-unit hop not independently pin-traced"
A,,CN12,2,722B,(function unconfirmed - 2PC/pallet output),SSR out,,,NO_MESA_ALLOCATION,none,none,none,none,UNALLOCATED,NO_MESA_ALLOCATION,No current Mesa authority row claims this conductor; review only if the OEM function is retained.,"41434WB PDF p78, dwg 4143175309; terminal-unit hop not independently pin-traced"
A,,CN12,3,724,(function unconfirmed - 2PC/pallet output),SSR out,,,NO_MESA_ALLOCATION,none,none,none,none,UNALLOCATED,NO_MESA_ALLOCATION,No current Mesa authority row claims this conductor; review only if the OEM function is retained.,"41434WB PDF p78, dwg 4143175309; terminal-unit hop not independently pin-traced"
A,,CN12,4,725A,(function unconfirmed - 2PC/pallet output),SSR out,,,NO_MESA_ALLOCATION,none,none,none,none,UNALLOCATED,NO_MESA_ALLOCATION,No current Mesa authority row claims this conductor; review only if the OEM function is retained.,"41434WB PDF p78, dwg 4143175309; terminal-unit hop not independently pin-traced"
A,,CN12,5,725B,(function unconfirmed - 2PC/pallet output),SSR out,,,NO_MESA_ALLOCATION,none,none,none,none,UNALLOCATED,NO_MESA_ALLOCATION,No current Mesa authority row claims this conductor; review only if the OEM function is retained.,"41434WB PDF p78, dwg 4143175309; terminal-unit hop not independently pin-traced"
A,,CN12,6,782A,(function unconfirmed - 2PC/pallet output),SSR out,,,NO_MESA_ALLOCATION,none,none,none,none,UNALLOCATED,NO_MESA_ALLOCATION,No current Mesa authority row claims this conductor; review only if the OEM function is retained.,"41434WB PDF p78, dwg 4143175309; terminal-unit hop not independently pin-traced"
A,,CN12,7,782B,(function unconfirmed - 2PC/pallet output),SSR out,,,NO_MESA_ALLOCATION,none,none,none,none,UNALLOCATED,NO_MESA_ALLOCATION,No current Mesa authority row claims this conductor; review only if the OEM function is retained.,"41434WB PDF p78, dwg 4143175309; terminal-unit hop not independently pin-traced"
A,,CN12,8,787A,(function unconfirmed - 2PC/pallet output),SSR out,,,NO_MESA_ALLOCATION,none,none,none,none,UNALLOCATED,NO_MESA_ALLOCATION,No current Mesa authority row claims this conductor; review only if the OEM function is retained.,"41434WB PDF p78, dwg 4143175309; terminal-unit hop not independently pin-traced"
A,,CN12,9,787B,(function unconfirmed - 2PC/pallet output),SSR out,,,NO_MESA_ALLOCATION,none,none,none,none,UNALLOCATED,NO_MESA_ALLOCATION,No current Mesa authority row claims this conductor; review only if the OEM function is retained.,"41434WB PDF p78, dwg 4143175309; terminal-unit hop not independently pin-traced"
A,,CN12,10,,(not used - blank on source table),spare,,,NO_CONNECTION,none,none,none,none,UNALLOCATED,NO_CONNECTION,No conductor to land; positively unused on the cited OEM table.,"41434WB PDF p78, dwg 4143175309; terminal-unit hop not independently pin-traced"
A,,CN12,11,,(not used - blank on source table),spare,,,NO_CONNECTION,none,none,none,none,UNALLOCATED,NO_CONNECTION,No conductor to land; positively unused on the cited OEM table.,"41434WB PDF p78, dwg 4143175309; terminal-unit hop not independently pin-traced"
A,,CN12,12,,(not used - blank on source table),spare,,,NO_CONNECTION,none,none,none,none,UNALLOCATED,NO_CONNECTION,No conductor to land; positively unused on the cited OEM table.,"41434WB PDF p78, dwg 4143175309; terminal-unit hop not independently pin-traced"
A,,CN12,13,,(not used - blank on source table),spare,,,NO_CONNECTION,none,none,none,none,UNALLOCATED,NO_CONNECTION,No conductor to land; positively unused on the cited OEM table.,"41434WB PDF p78, dwg 4143175309; terminal-unit hop not independently pin-traced"
A,,CN12,14,,(not used - blank on source table),spare,,,NO_CONNECTION,none,none,none,none,UNALLOCATED,NO_CONNECTION,No conductor to land; positively unused on the cited OEM table.,"41434WB PDF p78, dwg 4143175309; terminal-unit hop not independently pin-traced"
A,,CN12,15,,(not used - blank on source table),spare,,,NO_CONNECTION,none,none,none,none,UNALLOCATED,NO_CONNECTION,No conductor to land; positively unused on the cited OEM table.,"41434WB PDF p78, dwg 4143175309; terminal-unit hop not independently pin-traced"
A,,CN12,16,,(not used),spare,,,NO_CONNECTION,none,none,none,none,UNALLOCATED,NO_CONNECTION,No conductor to land; positively unused on the cited OEM table.,"41434WB PDF p78, dwg 4143175309; terminal-unit hop not independently pin-traced"
A,,CN12,17,,(not used),spare,,,NO_CONNECTION,none,none,none,none,UNALLOCATED,NO_CONNECTION,No conductor to land; positively unused on the cited OEM table.,"41434WB PDF p78, dwg 4143175309; terminal-unit hop not independently pin-traced"
A,,CN12,18,,(not used),spare,,,NO_CONNECTION,none,none,none,none,UNALLOCATED,NO_CONNECTION,No conductor to land; positively unused on the cited OEM table.,"41434WB PDF p78, dwg 4143175309; terminal-unit hop not independently pin-traced"
A,,CN12,19,,(blank on source table),spare,,,NO_CONNECTION,none,none,none,none,UNALLOCATED,NO_CONNECTION,No conductor to land; positively unused on the cited OEM table.,"41434WB PDF p78, dwg 4143175309; terminal-unit hop not independently pin-traced"
A,,CN12,20,,(blank on source table),spare,,,NO_CONNECTION,none,none,none,none,UNALLOCATED,NO_CONNECTION,No conductor to land; positively unused on the cited OEM table.,"41434WB PDF p78, dwg 4143175309; terminal-unit hop not independently pin-traced"
A,SPINDLE_ZERO_SPEED,CN4,1,231,SPINDLE ZERO SPEED,spindle,CN6-26,CON 4-3,MESA_ROUTE,7i84U-A,TB3,IN5,spindle-zero-speed,FACTORY_INTERFACE,HOLD_OEM_CONFLICT,CN4-1 zero-speed route conflicts with the separate CN3-4 zero-speed conductor; read both jacket labels and continuity-trace before landing.,"41434WB PDF p84, dwg 4143075321; p127, dwg 4143075403 for SE1/SE2/SE3"
A,,CN4,2,SS2,+COM,common,CNB-33,CON 2-4,OEM_POWER_OR_COMMON,none,none,none,none,UNALLOCATED,OEM_POWER_OR_COMMON,Do not assign to a signal input/output; preserve the documented electrical domain and verify rail disposition separately.,"41434WB PDF p84, dwg 4143075321; p127, dwg 4143075403 for SE1/SE2/SE3"
A,SPINDLE_FAULT,CN4,3,FA,SPINDLE CONTROLLER NORMAL,alarm,1-2,CON1-50,MESA_ROUTE,7i84U-A,TB3,IN14,spindle-fault,FACTORY_INTERFACE,ROUTE_DEFINED_FIELD_VERIFY,Confirm VFD terminal and polarity | [RECON 2026-08-08 §D: FR-SX FA(t11)/FC(t12) 'controller normal' -> CN4-3/CN4-4 (digits verify)] | [LADDER-REF 2026-08-10 (approved AG): docs/ladder/spindle_run_ladder_transcription.md],"41434WB PDF p84, dwg 4143075321; p127, dwg 4143075403 for SE1/SE2/SE3"
A,,CN4,4,FC,COM,common,2-33,TB5-1-12,OEM_POWER_OR_COMMON,none,none,none,none,UNALLOCATED,OEM_POWER_OR_COMMON,Do not assign to a signal input/output; preserve the documented electrical domain and verify rail disposition separately.,"41434WB PDF p84, dwg 4143075321; p127, dwg 4143075403 for SE1/SE2/SE3"
A,,CN4,5,MS,MS,spindle,CN4-6,TB5-D2 1-A2,NO_MESA_ALLOCATION,none,none,none,none,UNALLOCATED,NO_MESA_ALLOCATION,No current Mesa authority row claims this conductor; review only if the OEM function is retained.,"41434WB PDF p84, dwg 4143075321; p127, dwg 4143075403 for SE1/SE2/SE3"
A,,CN4,6,OS,OS,spindle,CN3-8,TB5-14,NO_MESA_ALLOCATION,none,none,none,none,UNALLOCATED,NO_MESA_ALLOCATION,No current Mesa authority row claims this conductor; review only if the OEM function is retained.,"41434WB PDF p84, dwg 4143075321; p127, dwg 4143075403 for SE1/SE2/SE3"
A,,CN4,7,SET1,SPINDLE SET,spindle,3-10,TB5-1-7,NO_MESA_ALLOCATION,none,none,none,none,UNALLOCATED,NO_MESA_ALLOCATION,No current Mesa authority row claims this conductor; review only if the OEM function is retained.,"41434WB PDF p84, dwg 4143075321; p127, dwg 4143075403 for SE1/SE2/SE3"
A,,CN4,8,SET2,SPINDLE SET (2),spindle,3-9,TB5-1-8,NO_MESA_ALLOCATION,none,none,none,none,UNALLOCATED,NO_MESA_ALLOCATION,No current Mesa authority row claims this conductor; review only if the OEM function is retained.,"41434WB PDF p84, dwg 4143075321; p127, dwg 4143075403 for SE1/SE2/SE3"
A,SPINDLE_FWD,CN4,9,SRN,SPINDLE FORWARD,spindle,3-11,TB5-D1 1-A5,MESA_ROUTE,7i84U-A,TB3,OUT0,spindle-fwd,FACTORY_INTERFACE,ROUTE_DEFINED_FIELD_VERIFY,Digital FWD signal to FR-SX | [RECON 2026-08-08 §D: FR-SX SRN] | [LADDER-REF 2026-08-10 (approved AG): docs/ladder/spindle_run_ladder_transcription.md],"41434WB PDF p84, dwg 4143075321; p127, dwg 4143075403 for SE1/SE2/SE3"
A,SPINDLE_REV,CN4,10,SRI,SPINDLE REVERSE,spindle,3-12,TB5-A-6,MESA_ROUTE,7i84U-A,TB3,OUT1,spindle-rev,FACTORY_INTERFACE,ROUTE_DEFINED_FIELD_VERIFY,Digital REV signal to FR-SX | [RECON 2026-08-08 §D: FR-SX SRI] | [LADDER-REF 2026-08-10 (approved AG): docs/ladder/spindle_run_ladder_transcription.md],"41434WB PDF p84, dwg 4143075321; p127, dwg 4143075403 for SE1/SE2/SE3"
A,,CN4,11,,(not used - blank on source table),spare,,,NO_CONNECTION,none,none,none,none,UNALLOCATED,NO_CONNECTION,No conductor to land; positively unused on the cited OEM table.,"41434WB PDF p84, dwg 4143075321; p127, dwg 4143075403 for SE1/SE2/SE3"
A,,CN4,12,ORI C1,ORIENT COMMAND,spindle,CN3-14,TB5-1-25,NO_MESA_ALLOCATION,none,none,none,none,UNALLOCATED,NO_MESA_ALLOCATION,No current Mesa authority row claims this conductor; review only if the OEM function is retained.,"41434WB PDF p84, dwg 4143075321; p127, dwg 4143075403 for SE1/SE2/SE3"
A,,CN4,13,CTL,ORIENT LOOP CHECK,spindle,1-15,TB5-1-17,NO_MESA_ALLOCATION,none,none,none,none,UNALLOCATED,NO_MESA_ALLOCATION,No current Mesa authority row claims this conductor; review only if the OEM function is retained.,"41434WB PDF p84, dwg 4143075321; p127, dwg 4143075403 for SE1/SE2/SE3"
A,,CN4,14,,(not used - blank on source table),spare,,,NO_CONNECTION,none,none,none,none,UNALLOCATED,NO_CONNECTION,No conductor to land; positively unused on the cited OEM table.,"41434WB PDF p84, dwg 4143075321; p127, dwg 4143075403 for SE1/SE2/SE3"
A,,CN4,15,COM,COM,common,CN3-33,TB5-1-26,OEM_POWER_OR_COMMON,none,none,none,none,UNALLOCATED,OEM_POWER_OR_COMMON,Do not assign to a signal input/output; preserve the documented electrical domain and verify rail disposition separately.,"41434WB PDF p84, dwg 4143075321; p127, dwg 4143075403 for SE1/SE2/SE3"
A,SPINDLE_ORIENT_ARRIVAL,CN4,16,SETA,set A,spindle,1-32,TB5-1-23,MESA_ROUTE,7i84U-A,TB3,IN4,spindle-oriented,FACTORY_INTERFACE,ROUTE_DEFINED_FIELD_VERIFY,ATC cannot cycle without orient; confirm FR-SX terminal and polarity | [RECON 2026-08-08 §A: element list confirms X003 ORA1 'ORIENT ARRIVAL' (ladder 3006/4810/5509) on 060231] | [RECON 2026-08-08 §D: FR-SX OBA1(t22)/OBA2(t23) -> CN4-16/CN4-17 (digits verify)] | [LADDER-REF 2026-08-10 (approved AG): docs/ladder/spindle_run_ladder_transcription.md],"41434WB PDF p84, dwg 4143075321; p127, dwg 4143075403 for SE1/SE2/SE3"
A,,CN4,17,SETB,set B,spindle,1-33,TB5-1-24,NO_MESA_ALLOCATION,none,none,none,none,UNALLOCATED,NO_MESA_ALLOCATION,No current Mesa authority row claims this conductor; review only if the OEM function is retained.,"41434WB PDF p84, dwg 4143075321; p127, dwg 4143075403 for SE1/SE2/SE3"
A,SPINDLE_SPEED_SE1,CN4,18,SE1,SPEED REFERENCE 1,spindle,,CON1-31,MESA_ROUTE_CANDIDATE,7i49,P3,TBD: 23/24 (GND3/AOUT3),spindle-speed-cmd,HOLD_ANALOG_ROLE,HOLD_ANALOG_ROLE,Determine whether SE1 is command or common; verify 0-10 V scaling with the FR-SX disabled before landing.,"41434WB PDF p84, dwg 4143075321; p127, dwg 4143075403 for SE1/SE2/SE3"
A,SPINDLE_SPEED_SE2,CN4,19,SE2,SPEED REFERENCE 2,spindle,,CON1-32,MESA_ROUTE_CANDIDATE,7i49,P3,TBD: 23/24 (GND3/AOUT3),spindle-speed-cmd,HOLD_ANALOG_ROLE,HOLD_ANALOG_ROLE,Determine whether SE2 is command or common; verify 0-10 V scaling with the FR-SX disabled before landing.,"41434WB PDF p84, dwg 4143075321; p127, dwg 4143075403 for SE1/SE2/SE3"
A,SPINDLE_SPEED_SE3,CN4,20,SE3,SPEED REFERENCE 3 (10V MAX SPEED),spindle,,CON1-30,MESA_ROUTE_CANDIDATE,none,none,none,none,HOLD_ANALOG_ROLE,HOLD_SHIELD_OR_COMMON,Drawing ties SE3 to AGA; prove shield versus analog common before terminating it.,"41434WB PDF p84, dwg 4143075321; p127, dwg 4143075403 for SE1/SE2/SE3"
A,,CN7,1,MF,M FUNCTION,2PC pallet,CND23-38,TB6-MF,NO_MESA_ALLOCATION_2PC,none,none,none,none,UNALLOCATED,NO_MESA_ALLOCATION_2PC,No current Mesa allocation; retain/retire only by an explicit pallet-changer scope decision.,"41434WB PDF p86, dwg 4143075323"
A,,CN7,2,M11,M CODE 11,2PC pallet,CND5-8,TB6-M11,NO_MESA_ALLOCATION_2PC,none,none,none,none,UNALLOCATED,NO_MESA_ALLOCATION_2PC,No current Mesa allocation; retain/retire only by an explicit pallet-changer scope decision.,"41434WB PDF p86, dwg 4143075323"
A,,CN7,3,M12,M CODE 12,2PC pallet,CND5-9,TB6-M12,NO_MESA_ALLOCATION_2PC,none,none,none,none,UNALLOCATED,NO_MESA_ALLOCATION_2PC,No current Mesa allocation; retain/retire only by an explicit pallet-changer scope decision.,"41434WB PDF p86, dwg 4143075323"
A,,CN7,4,M14,M CODE 14,2PC pallet,CND5-10,TB6-M14,NO_MESA_ALLOCATION_2PC,none,none,none,none,UNALLOCATED,NO_MESA_ALLOCATION_2PC,No current Mesa allocation; retain/retire only by an explicit pallet-changer scope decision.,"41434WB PDF p86, dwg 4143075323"
A,,CN7,5,M18,M CODE 18,2PC pallet,CND5-11,TB6-M18,NO_MESA_ALLOCATION_2PC,none,none,none,none,UNALLOCATED,NO_MESA_ALLOCATION_2PC,No current Mesa allocation; retain/retire only by an explicit pallet-changer scope decision.,"41434WB PDF p86, dwg 4143075323"
A,,CN7,6,M21,M CODE 21,2PC pallet,CND5-12,TB6-M21,NO_MESA_ALLOCATION_2PC,none,none,none,none,UNALLOCATED,NO_MESA_ALLOCATION_2PC,No current Mesa allocation; retain/retire only by an explicit pallet-changer scope decision.,"41434WB PDF p86, dwg 4143075323"
A,,CN7,7,M22,M CODE 22,2PC pallet,CND5-13,TB6-M22,NO_MESA_ALLOCATION_2PC,none,none,none,none,UNALLOCATED,NO_MESA_ALLOCATION_2PC,No current Mesa allocation; retain/retire only by an explicit pallet-changer scope decision.,"41434WB PDF p86, dwg 4143075323"
A,,CN7,8,M24,M CODE 24,2PC pallet,CND5-14,TB6-M24,NO_MESA_ALLOCATION_2PC,none,none,none,none,UNALLOCATED,NO_MESA_ALLOCATION_2PC,No current Mesa allocation; retain/retire only by an explicit pallet-changer scope decision.,"41434WB PDF p86, dwg 4143075323"
A,,CN7,9,M28,M CODE 28,2PC pallet,CND5-15,TB6-M28,NO_MESA_ALLOCATION_2PC,none,none,none,none,UNALLOCATED,NO_MESA_ALLOCATION_2PC,No current Mesa allocation; retain/retire only by an explicit pallet-changer scope decision.,"41434WB PDF p86, dwg 4143075323"
A,,CN7,10,M31,M CODE 31,2PC pallet,CND5-16,TB6-M31,NO_MESA_ALLOCATION_2PC,none,none,none,none,UNALLOCATED,NO_MESA_ALLOCATION_2PC,No current Mesa allocation; retain/retire only by an explicit pallet-changer scope decision.,"41434WB PDF p86, dwg 4143075323"
A,,CN7,11,M32,M CODE 32,2PC pallet,CND5-17,TB6-M32,NO_MESA_ALLOCATION_2PC,none,none,none,none,UNALLOCATED,NO_MESA_ALLOCATION_2PC,No current Mesa allocation; retain/retire only by an explicit pallet-changer scope decision.,"41434WB PDF p86, dwg 4143075323"
A,,CN7,12,M34,M CODE 34,2PC pallet,CND5-18,TB6-M34,NO_MESA_ALLOCATION_2PC,none,none,none,none,UNALLOCATED,NO_MESA_ALLOCATION_2PC,No current Mesa allocation; retain/retire only by an explicit pallet-changer scope decision.,"41434WB PDF p86, dwg 4143075323"
A,,CN7,13,M38,M CODE 38,2PC pallet,CND5-19,TB6-M38,NO_MESA_ALLOCATION_2PC,none,none,none,none,UNALLOCATED,NO_MESA_ALLOCATION_2PC,No current Mesa allocation; retain/retire only by an explicit pallet-changer scope decision.,"41434WB PDF p86, dwg 4143075323"
A,,CN7,14,ZPX,ZERO POS. X AXIS,2PC pallet,CND23-8,TB6-ZPX,NO_MESA_ALLOCATION_2PC,none,none,none,none,UNALLOCATED,NO_MESA_ALLOCATION_2PC,No current Mesa allocation; retain/retire only by an explicit pallet-changer scope decision.,"41434WB PDF p86, dwg 4143075323"
A,,CN7,15,ZPY,ZERO POS. Y AXIS,2PC pallet,CND23-9,TB6-ZPY,NO_MESA_ALLOCATION_2PC,none,none,none,none,UNALLOCATED,NO_MESA_ALLOCATION_2PC,No current Mesa allocation; retain/retire only by an explicit pallet-changer scope decision.,"41434WB PDF p86, dwg 4143075323"
A,,CN7,16,ZPZ,ZERO POS. Z AXIS,2PC pallet,CND23-10,TB6-ZPZ,NO_MESA_ALLOCATION_2PC,none,none,none,none,UNALLOCATED,NO_MESA_ALLOCATION_2PC,No current Mesa allocation; retain/retire only by an explicit pallet-changer scope decision.,"41434WB PDF p86, dwg 4143075323"
A,,CN7,17,0G,DC24V COM (-),common,,TB6-0G,OEM_POWER_OR_COMMON,none,none,none,none,UNALLOCATED,OEM_POWER_OR_COMMON,Do not assign to a signal input/output; preserve the documented electrical domain and verify rail disposition separately.,"41434WB PDF p86, dwg 4143075323"
A,,CN7,18,0G,DC24V COM (-),common,,TB6-0G,OEM_POWER_OR_COMMON,none,none,none,none,UNALLOCATED,OEM_POWER_OR_COMMON,Do not assign to a signal input/output; preserve the documented electrical domain and verify rail disposition separately.,"41434WB PDF p86, dwg 4143075323"
A,,CN7,19,ZP4,ZERO POS. 4 AXIS,2PC pallet,CND23-11,TB6-ZP4,NO_MESA_ALLOCATION_2PC,none,none,none,none,UNALLOCATED,NO_MESA_ALLOCATION_2PC,No current Mesa allocation; retain/retire only by an explicit pallet-changer scope decision.,"41434WB PDF p86, dwg 4143075323"
A,,CN7,20,MFA,M FUNCTION A,2PC pallet,CND23-12,TB6-MFA,NO_MESA_ALLOCATION_2PC,none,none,none,none,UNALLOCATED,NO_MESA_ALLOCATION_2PC,No current Mesa allocation; retain/retire only by an explicit pallet-changer scope decision.,"41434WB PDF p86, dwg 4143075323"
A,,CN7,21,FHDL,FEED HOLD LED,2PC pallet,CND23-44,TB6-FHDL,NO_MESA_ALLOCATION_2PC,none,none,none,none,UNALLOCATED,NO_MESA_ALLOCATION_2PC,No current Mesa allocation; retain/retire only by an explicit pallet-changer scope decision.,"41434WB PDF p86, dwg 4143075323"
A,,CN7,22,ZPZ2,2nd ZERO POS. Z AXIS,2PC pallet,CND23-46,TB6-ZPZ2,NO_MESA_ALLOCATION_2PC,none,none,none,none,UNALLOCATED,NO_MESA_ALLOCATION_2PC,No current Mesa allocation; retain/retire only by an explicit pallet-changer scope decision.,"41434WB PDF p86, dwg 4143075323"
A,,CN7,23,AUTM,AUTO MODE,2PC pallet,CND23-42,TB6-AUTM,NO_MESA_ALLOCATION_2PC,none,none,none,none,UNALLOCATED,NO_MESA_ALLOCATION_2PC,No current Mesa allocation; retain/retire only by an explicit pallet-changer scope decision.,"41434WB PDF p86, dwg 4143075323"
A,,CN7,24,PUCCD,PALLET UNCLAMP COMMAND,2PC pallet,CND23-47,TB6-PUCCD,NO_MESA_ALLOCATION_2PC,none,none,none,none,UNALLOCATED,NO_MESA_ALLOCATION_2PC,No current Mesa allocation; retain/retire only by an explicit pallet-changer scope decision.,"41434WB PDF p86, dwg 4143075323"
A,,CN7,25,FHDPB,FEED HOLD P.B.,2PC pallet,CND23-25,TB6-FHDPB,NO_MESA_ALLOCATION_2PC,none,none,none,none,UNALLOCATED,NO_MESA_ALLOCATION_2PC,No current Mesa allocation; retain/retire only by an explicit pallet-changer scope decision.,"41434WB PDF p86, dwg 4143075323"
A,,CN7,26,CSTL,CYCLE START LED,2PC pallet,CND23-31,TB6-CSTL,NO_MESA_ALLOCATION_2PC,none,none,none,none,UNALLOCATED,NO_MESA_ALLOCATION_2PC,No current Mesa allocation; retain/retire only by an explicit pallet-changer scope decision.,"41434WB PDF p86, dwg 4143075323"
A,,CN7,27,CSTPB,CYCLE START P.B.,2PC pallet,CND23-7,TB6-CSTPB,NO_MESA_ALLOCATION_2PC,none,none,none,none,UNALLOCATED,NO_MESA_ALLOCATION_2PC,No current Mesa allocation; retain/retire only by an explicit pallet-changer scope decision.,"41434WB PDF p86, dwg 4143075323"
A,,CN7,28,PCLCD,PALLET CLAMP COMMAND,2PC pallet,CND23-27,TB6-PCLCD,NO_MESA_ALLOCATION_2PC,none,none,none,none,UNALLOCATED,NO_MESA_ALLOCATION_2PC,No current Mesa allocation; retain/retire only by an explicit pallet-changer scope decision.,"41434WB PDF p86, dwg 4143075323"
A,,CN7,29,ISP3,INPUT SPARE 3,spare,CND2-9,TB6-ISP3,OEM_SPARE_CONDUCTOR,none,none,none,none,UNALLOCATED,OEM_SPARE_CONDUCTOR,A factory spare conductor exists; insulate and preserve its identity unless a reviewed revision deliberately repurposes it.,"41434WB PDF p86, dwg 4143075323"
A,,CN7,30,MRDY,MACHINE READY,2PC pallet,CND23-14,TB6-MRDY,NO_MESA_ALLOCATION_2PC,none,none,none,none,UNALLOCATED,NO_MESA_ALLOCATION_2PC,No current Mesa allocation; retain/retire only by an explicit pallet-changer scope decision.,"41434WB PDF p86, dwg 4143075323"
A,,CN7,31,RST,RESET OUT,2PC pallet,,TB6-RST,NO_MESA_ALLOCATION_2PC,none,none,none,none,UNALLOCATED,NO_MESA_ALLOCATION_2PC,No current Mesa allocation; retain/retire only by an explicit pallet-changer scope decision.,"41434WB PDF p86, dwg 4143075323"
A,,CN7,32,OSP4,OUTPUT SPARE 4,spare,CND2-43,TB6-OSP4,OEM_SPARE_CONDUCTOR,none,none,none,none,UNALLOCATED,OEM_SPARE_CONDUCTOR,A factory spare conductor exists; insulate and preserve its identity unless a reviewed revision deliberately repurposes it.,"41434WB PDF p86, dwg 4143075323"
A,,CN7,33,OSP3,OUTPUT SPARE 3,spare,CND2-30,TB6-OSP3,OEM_SPARE_CONDUCTOR,none,none,none,none,UNALLOCATED,OEM_SPARE_CONDUCTOR,A factory spare conductor exists; insulate and preserve its identity unless a reviewed revision deliberately repurposes it.,"41434WB PDF p86, dwg 4143075323"
A,,CN7,34,P1ON,PALLET NO.1 ON (FMS),2PC pallet,CND4-2,TB6-P1ON,NO_MESA_ALLOCATION_2PC,none,none,none,none,UNALLOCATED,NO_MESA_ALLOCATION_2PC,No current Mesa allocation; retain/retire only by an explicit pallet-changer scope decision.,"41434WB PDF p86, dwg 4143075323"
A,,CN7,35,P2ON,PALLET NO.2 ON (FMS),2PC pallet,CND4-36,TB6-P2ON,NO_MESA_ALLOCATION_2PC,none,none,none,none,UNALLOCATED,NO_MESA_ALLOCATION_2PC,No current Mesa allocation; retain/retire only by an explicit pallet-changer scope decision.,"41434WB PDF p86, dwg 4143075323"
A,,CN7,36,EXFIN,EXT. FINISH SIGNAL,2PC pallet,CND1-13,TB6-EXFIN,NO_MESA_ALLOCATION_2PC,none,none,none,none,UNALLOCATED,NO_MESA_ALLOCATION_2PC,No current Mesa allocation; retain/retire only by an explicit pallet-changer scope decision.,"41434WB PDF p86, dwg 4143075323"
A,,CN7,37,EXRST,EXT. RESET,2PC pallet,CND1-25,TB6-EXRST,NO_MESA_ALLOCATION_2PC,none,none,none,none,UNALLOCATED,NO_MESA_ALLOCATION_2PC,No current Mesa allocation; retain/retire only by an explicit pallet-changer scope decision.,"41434WB PDF p86, dwg 4143075323"
A,,CN7,38,INTX,X AXIS INTERLOCK,2PC pallet,CND2-1,TB6-INTX,NO_MESA_ALLOCATION_2PC,none,none,none,none,UNALLOCATED,NO_MESA_ALLOCATION_2PC,No current Mesa allocation; retain/retire only by an explicit pallet-changer scope decision.,"41434WB PDF p86, dwg 4143075323"
A,,CN7,39,INTY,Y AXIS INTERLOCK,2PC pallet,CND2-19,TB6-INTY,NO_MESA_ALLOCATION_2PC,none,none,none,none,UNALLOCATED,NO_MESA_ALLOCATION_2PC,No current Mesa allocation; retain/retire only by an explicit pallet-changer scope decision.,"41434WB PDF p86, dwg 4143075323"
A,,CN7,40,INTZ,Z AXIS INTERLOCK,2PC pallet,CND2-2,TB6-INTZ,NO_MESA_ALLOCATION_2PC,none,none,none,none,UNALLOCATED,NO_MESA_ALLOCATION_2PC,No current Mesa allocation; retain/retire only by an explicit pallet-changer scope decision.,"41434WB PDF p86, dwg 4143075323"
A,,CN7,41,INT4,4 AXIS INTERLOCK,2PC pallet,CND2-3,TB6-INT4,NO_MESA_ALLOCATION_2PC,none,none,none,none,UNALLOCATED,NO_MESA_ALLOCATION_2PC,No current Mesa allocation; retain/retire only by an explicit pallet-changer scope decision.,"41434WB PDF p86, dwg 4143075323"
A,,CN7,42,EXAL,EXTERNAL ALARM,2PC pallet,CND2-36,TB6-EXAL,NO_MESA_ALLOCATION_2PC,none,none,none,none,UNALLOCATED,NO_MESA_ALLOCATION_2PC,No current Mesa allocation; retain/retire only by an explicit pallet-changer scope decision.,"41434WB PDF p86, dwg 4143075323"
A,,CN7,43,ONLN,ON LINE,2PC pallet,CND2-35,TB6-ONLN,NO_MESA_ALLOCATION_2PC,none,none,none,none,UNALLOCATED,NO_MESA_ALLOCATION_2PC,No current Mesa allocation; retain/retire only by an explicit pallet-changer scope decision.,"41434WB PDF p86, dwg 4143075323"
A,,CN7,44,ENCOL,ENABLE COOLANT,2PC pallet,CND2-22,TB6-ENCOL,NO_MESA_ALLOCATION_2PC,none,none,none,none,UNALLOCATED,NO_MESA_ALLOCATION_2PC,No current Mesa allocation; retain/retire only by an explicit pallet-changer scope decision.,"41434WB PDF p86, dwg 4143075323"
A,,CN7,45,EXCST,EXTERNAL CYCLE START,2PC pallet,CND2-4,TB6-EXCST,NO_MESA_ALLOCATION_2PC,none,none,none,none,UNALLOCATED,NO_MESA_ALLOCATION_2PC,No current Mesa allocation; retain/retire only by an explicit pallet-changer scope decision.,"41434WB PDF p86, dwg 4143075323"
A,,CN7,46,EXFHD,EXTERNAL FEED HOLD,2PC pallet,CND2-5,TB6-EXFHD,NO_MESA_ALLOCATION_2PC,none,none,none,none,UNALLOCATED,NO_MESA_ALLOCATION_2PC,No current Mesa allocation; retain/retire only by an explicit pallet-changer scope decision.,"41434WB PDF p86, dwg 4143075323"
A,,CN7,47,EXSBK,EXTERNAL SINGLE BLOCK,2PC pallet,CND2-6,TB6-EXSBK,NO_MESA_ALLOCATION_2PC,none,none,none,none,UNALLOCATED,NO_MESA_ALLOCATION_2PC,No current Mesa allocation; retain/retire only by an explicit pallet-changer scope decision.,"41434WB PDF p86, dwg 4143075323"
A,,CN7,48,EMOP1,EXTERNAL MISS OPERATION 1,2PC pallet,,TB6-EMOP1,NO_MESA_ALLOCATION_2PC,none,none,none,none,UNALLOCATED,NO_MESA_ALLOCATION_2PC,No current Mesa allocation; retain/retire only by an explicit pallet-changer scope decision.,"41434WB PDF p86, dwg 4143075323"
A,,CN7,49,+24V,DC24V +COM,power,,TB6-+24V,OEM_POWER_OR_COMMON,none,none,none,none,UNALLOCATED,OEM_POWER_OR_COMMON,Do not assign to a signal input/output; preserve the documented electrical domain and verify rail disposition separately.,"41434WB PDF p86, dwg 4143075323"
A,,CN7,50,+24V,DC24V +COM,power,,TB6-+24V,OEM_POWER_OR_COMMON,none,none,none,none,UNALLOCATED,OEM_POWER_OR_COMMON,Do not assign to a signal input/output; preserve the documented electrical domain and verify rail disposition separately.,"41434WB PDF p86, dwg 4143075323"
