Wire,Location,Signal
208,CN1-1,TOOL UNCLAMP
209,CN1-2,TOOL CLAMP
210,CN1-3,HIGH GEAR
212,CN1-4,LOW GEAR
232,CN1-5,2nd-S LEVEL
233,CN1-6,HEAD LUBE PRESSURE
0G,CN1-7,DC24V COM (-) NC
*DECZ,CN1-14,Z-AXIS ZERO RETURN DEC
SP16,CN1-15,SPARE INPUT
SP17,CN1-16,SPARE INPUT
SP18,CN1-17,SPARE OUTPUT
SP19,CN1-18,SPARE OUTPUT
+24V,CN1-20,DC24V +COM (MC)
362,CN2-1,MAGAZINE TIMER
351,CN2-2,MAGAZINE FWD/REV SHIFTER
149,CN2-3,TOOL UNCLAMP (FOOT SW)
150,CN2-4,MAGAZINE ROT POS 1
221,CN2-5,MAGAZINE ROT POS 2
222,CN2-6,MAGAZINE ROT POS 4
223,CN2-7,MAGAZINE ROT POS 8
224,CN2-8,MAGAZINE ROT POS 10
225,CN2-9,MAGAZINE POSITION OK
218,CN2-10,MAGAZINE POWER OPEN
218,CN2-11,MAGAZINE COVER OPEN
219,CN2-12,MAGAZINE FWD/REV SW
381,CN2-13,LUBE TIMER
+LTZ,CN2-14,Z-AXIS OVER TRAVEL
*DECX,CN2-15,X-AXIS ZERO RETURN DEC
*DECY,CN2-16,Y-AXIS ZERO RETURN DEC
0G,CN2-17,DC24V COM (-) NC
0G,CN2-18,DC24V COM (-)
0G,CN2-19,DC24V COM (-)
P24,CN2-21,DC24V +COM (MACHINE)
342,CN2-34,TOOL MEASURE DEVICE TIMER
345,CN2-35,TOOL MEASURE DEVICE SW
362,CN2-36,MAGAZINE LUBE TIMER
239,CN2-37,MAGAZINE LUBE PRESS SW
238,CN2-38,MACHINE DOOR INTERLOCK
340,CN2-39,SPARE INPUT 2
EHB,CN2-40,EMERGENCY STOP
EMC,CN2-41,EMG STOP 2nd
382,CN2-42,SPINDLE TOOL CLAMP OK
524,CN2-43,DC24V SELECTOR (X Y Z 4 5 6)
149B,CN2-44,FOOT SWITCH
CP24,CN2-45,FEED HOLD SW (LATCH)
SP29,CN2-46,SPARE OUTPUT
SP30,CN2-47,SPARE OUTPUT
+24V,CN2-49,DC24V +COM (NC)
+24V,CN2-50,DC24V +COM (NC)
EHB,CN3-1,EMERGENCY STOP
147,CN3-2,HEAD LUBE PRESSURE
142,CN3-3,TOOL CLAMP INTERLOCK
143,CN3-4,ZERO SPEED
NO,CN3-8,COM
SET2,CN3-9,COM
SET1,CN3-10,SPINDLE SET FORWARD
SRN,CN3-11,SPINDLE FORWARD
SRI,CN3-12,SPINDLE REVERSE
ORI C1,CN3-14,ORIENT COMMAND
CTL,CN3-15,ORIENT LOOP CHECK
COM,CN3-33,COM (DECEL) (CTL)
WLAL,CN3-35,WAY LUBE ALARM
362,CN3-36,MAGAZINE TIMER
+LY,CN3-37,+Y OVER TRAVEL
-LZ,CN3-38,-Z OVER TRAVEL
147,CN3-39,OIL TEMP DETECTOR
SP1,CN3-40,spare
SP2,CN3-41,spare
SP3,CN3-42,spare
SP4,CN3-43,spare
SPTD,CN3-44,SPINDLE TIMER
+24V,CN3-49,DC24V +COM
+24V,CN3-50,DC24V +COM
231,CN4-1,SPINDLE ZERO SPEED
SS2,CN4-2,+COM
FA,CN4-3,SPINDLE REV ROLLER THERMAL
FC,CN4-4,COM
MS,CN4-5,MS
OS,CN4-6,OS
SET1,CN4-7,SPINDLE SET
SET2,CN4-8,SPINDLE SET (2)
SRN,CN4-9,SPINDLE FORWARD
SRI,CN4-10,SPINDLE REVERSE
ORI C1,CN4-12,ORIENT COMMAND
CTL,CN4-13,ORIENT LOOP CHECK
COM,CN4-15,COM
SETA,CN4-16,set A
SETB,CN4-17,set B
144,CN5-1,EXTERNAL TRIP PROTECTOR
RST,CN5-2,RESET OUT
146,CN5-3,OVER RUN EMG STOP
EMB,CN5-4,EMG STOP
EMC,CN5-5,EMG STOP 2nd
0G,CN5-6,-COM (DC)
0G,CN5-7,-COM (DC)
G24,CN5-8,-COM (AC)
EFHD,CN5-9,EXT FEED HOLD
RCTLS,CN5-10,RECESSING TOOL L.S.
ISP1,CN5-11,INPUT SHARE 1
ISP2,CN5-12,INPUT SHARE 2
ISP1,CN5-13,4-AXIS LINC INTERLOCK CANCEL
XYZR4,CN5-14,4-AXIS UNCLAMP INTERLOCK CANCEL
152,CN5-15,4-AXIS LIMIT OVER-TRAVEL RELEASE
1NRAILS,CN5-16,MAGAZINE REAR L.S.
OSP1,CN5-17,OUTPUT SHARE 1
OSP2,CN5-18,OUTPUT SHARE 2
+24V,CN5-19,+COM (DC)
+24V,CN5-20,+COM (DC)
CYFIN,CN6-1,CYCLE FINISH
CYFIN,CN6-2,CYCLE FINISH (2)
MA3T,CN6-3,mag M43T
MA3T,CN6-4,mag M45T
MA3T,CN6-5,mag M45T
SA,CN6-7,SERVO READY
WL,CN6-8,WORK LIGHT
SSET,CN6-9,SPINDLE SET
CTL,CN6-10,LOW GEAR OVER TRAVEL
OTR,CN6-11,OVER TRAVEL RELEASE
+LYZ,CN6-12,+YZ OVER TRAVEL
-LYZ,CN6-13,-YZ OVER TRAVEL
+24V,CN6-17,DC24V COM (+)
TAPC,CN6-18,TAP COOLANT
MMAL,CN6-19,MIL FUNCTION
PW1,CN6-20,POWER ON
P24,CN6-21,MAIN PANE POWER ON
238,CN6-23,MACHINE DOOR INTERLOCK
241,CN6-24,POWER ON MAIN LAMP INTERLOCK
240,CN6-25,main lamp interlock 2
ES1,CN6-26,SPINDLE SPEED
SER,CN6-27,SERVO ERROR
SRV,CN6-28,SPINDLE SERVO
SMR,CN6-29,SPINDLE READY
ORCH1,CN6-30,RUN COMMAND
TCME,CN6-33,T-CODE NO MEMORY
NSFT,CN6-34,NG TOOL
381,CN6-37,MAGAZINE OIL TOOL DETECTOR
355,CN6-39,SPINDLE HEAD LUBE PRESSURE
0G,CN6-41,DC24V COM (NC)
0G,CN6-42,DC24V COM (NC)
0G,CN6-43,DC24V COM (NC)
0G,CN6-44,DC24V COM (NC)
0G,CN6-46,DC24V COM (NC)
0G,CN6-47,DC24V COM (NC)
382,CN6-50,MAGAZINE SPINDLE TOOL DETECTOR
208B,CN11-1,MAGAZINE CW (REV)
208A,CN11-2,MAGAZINE CCW (FOR)
710,CN11-3,TOOL UNCLAMP
712,CN11-4,GEAR SHIFT HIGH
213,CN11-5,GEAR SHIFT LOW
215,CN11-6,SPINDLE AIR BLAST
216,CN11-7,WORK AIR BLAST
217,CN11-8,MIST COOLANT
262,CN11-9,TOOL MEASURING ARM EXTEND
261,CN11-10,AIR JET
235,CN11-11,DUST INHALE ELIMINATE
236,CN11-12,OIL HOLE
231,CN11-13,FLOOD COOLANT
227,CN11-14,MAGAZINE COVER CLOSE
236,CN11-15,FLOOD COOLANT MOTOR STARTER
235,CN11-16,HYDR. PUMP HEAD LUBE PUMP
,CN11-17,(not used)
,CN11-18,(not used)
0G,CN11-19,DC24V -COM (NC)
0G,CN11-20,DC24V -COM (NC)
708B,CN11-SSR-1,MAGAZINE CW (REV)
708A,CN11-SSR-2,MAGAZINE CCW (FOR)
710,CN11-SSR-3,TOOL UNCLAMP
712,CN11-SSR-4,GEAR SHIFT HIGH
713,CN11-SSR-5,GEAR SHIFT LOW
715,CN11-SSR-6,SPINDLE AIR BLAST
716,CN11-SSR-7,WORK AIR BLAST
717,CN11-SSR-8,MIST COOLANT (ELIMINATED - no mist system on this machine)
762,CN11-SSR-9,TOOL MEASURING ARM EXTEND
761,CN11-SSR-10,AIR JET
735,CN11-SSR-11,DUST INHALE ELIMINATE
736,CN11-SSR-12,OIL HOLE
731,CN11-SSR-13,FLOOD COOLANT
727,CN11-SSR-14,MAGAZINE COVER CLOSE
836,CN11-SSR-15,FLOOD COOLANT MOTOR STARTER
835,CN11-SSR-16,HYDR. PUMP HEAD LUBE PUMP
,CN11-SSR-17,(not used)
,CN11-SSR-18,(not used)
0G,CN11-SSR-19,-COM (NC)
0G,CN11-SSR-20,-COM (NC)
722A,CN12-1,(function unconfirmed - 2PC/pallet output)
722B,CN12-2,(function unconfirmed - 2PC/pallet output)
724,CN12-3,(function unconfirmed - 2PC/pallet output)
725A,CN12-4,(function unconfirmed - 2PC/pallet output)
725B,CN12-5,(function unconfirmed - 2PC/pallet output)
782A,CN12-6,(function unconfirmed - 2PC/pallet output)
782B,CN12-7,(function unconfirmed - 2PC/pallet output)
787A,CN12-8,(function unconfirmed - 2PC/pallet output)
787B,CN12-9,(function unconfirmed - 2PC/pallet output)
,CN12-10,(not used - blank on source table)
,CN12-11,(not used - blank on source table)
,CN12-12,(not used - blank on source table)
,CN12-13,(not used - blank on source table)
,CN12-14,(not used - blank on source table)
,CN12-15,(not used - blank on source table)
,CN12-16,(not used)
,CN12-17,(not used)
,CN12-18,(not used)
,CN12-19,(blank on source table)
,CN12-20,(blank on source table)
,CN3-5,(not used - blank on source table)
,CN3-6,(not used - blank on source table)
,CN3-7,(not used - blank on source table)
,CN3-13,SPARE
,CN3-16,(not used - blank on source table)
,CN3-17,(not used - blank on source table)
,CN3-18,(not used - blank on source table)
,CN3-19,(not used - blank on source table)
,CN3-20,(not used - blank on source table)
,CN3-21,(not used - blank on source table)
,CN3-22,(not used - blank on source table)
,CN3-23,(not used - blank on source table)
,CN3-24,(not used - blank on source table)
,CN3-25,(not used - blank on source table)
,CN3-26,(not used - blank on source table)
,CN3-27,(not used - blank on source table)
,CN3-28,(not used - blank on source table)
,CN3-29,(not used - blank on source table)
,CN3-30,(not used - blank on source table)
,CN3-31,(not used - blank on source table)
,CN3-32,(not used - blank on source table)
,CN3-34,(not used - blank on source table)
,CN3-45,(not used - blank on source table)
,CN3-46,(not used - blank on source table)
,CN3-47,(not used - blank on source table)
,CN3-48,(not used - blank on source table)
MF,CN7-1,M FUNCTION
M11,CN7-2,M CODE 11
M12,CN7-3,M CODE 12
M14,CN7-4,M CODE 14
M18,CN7-5,M CODE 18
M21,CN7-6,M CODE 21
M22,CN7-7,M CODE 22
M24,CN7-8,M CODE 24
M28,CN7-9,M CODE 28
M31,CN7-10,M CODE 31
M32,CN7-11,M CODE 32
M34,CN7-12,M CODE 34
M38,CN7-13,M CODE 38
ZPX,CN7-14,ZERO POS. X AXIS
ZPY,CN7-15,ZERO POS. Y AXIS
ZPZ,CN7-16,ZERO POS. Z AXIS
0G,CN7-17,DC24V COM (-)
0G,CN7-18,DC24V COM (-)
ZP4,CN7-19,ZERO POS. 4 AXIS
MFA,CN7-20,M FUNCTION A
FHDL,CN7-21,FEED HOLD LED
ZPZ2,CN7-22,2nd ZERO POS. Z AXIS
AUTM,CN7-23,AUTO MODE
PUCCD,CN7-24,PALLET UNCLAMP COMMAND
FHDPB,CN7-25,FEED HOLD P.B.
CSTL,CN7-26,CYCLE START LED
CSTPB,CN7-27,CYCLE START P.B.
PCLCD,CN7-28,PALLET CLAMP COMMAND
ISP3,CN7-29,INPUT SPARE 3
MRDY,CN7-30,MACHINE READY
RST,CN7-31,RESET OUT
OSP4,CN7-32,OUTPUT SPARE 4
OSP3,CN7-33,OUTPUT SPARE 3
P1ON,CN7-34,PALLET NO.1 ON (FMS)
P2ON,CN7-35,PALLET NO.2 ON (FMS)
EXFIN,CN7-36,EXT. FINISH SIGNAL
EXRST,CN7-37,EXT. RESET
INTX,CN7-38,X AXIS INTERLOCK
INTY,CN7-39,Y AXIS INTERLOCK
INTZ,CN7-40,Z AXIS INTERLOCK
INT4,CN7-41,4 AXIS INTERLOCK
EXAL,CN7-42,EXTERNAL ALARM
ONLN,CN7-43,ON LINE
ENCOL,CN7-44,ENABLE COOLANT
EXCST,CN7-45,EXTERNAL CYCLE START
EXFHD,CN7-46,EXTERNAL FEED HOLD
EXSBK,CN7-47,EXTERNAL SINGLE BLOCK
EMOP1,CN7-48,EXTERNAL MISS OPERATION 1
+24V,CN7-49,DC24V +COM
+24V,CN7-50,DC24V +COM
ISP4,CN8-1,INPUT SPARE 4
ISP5,CN8-2,INPUT SPARE 5
ISP6,CN8-3,INPUT SPARE 6
ISP7,CN8-4,INPUT SPARE 7
ISP8,CN8-5,INPUT SPARE 8
ISP9,CN8-6,INPUT SPARE 9
ISP10,CN8-7,INPUT SPARE 10
ISP11,CN8-8,INPUT SPARE 11
ISP12,CN8-9,INPUT SPARE 12
ISP13,CN8-10,INPUT SPARE 13
OSP5,CN8-11,OUTPUT SPARE 5
OSP6,CN8-12,OUTPUT SPARE 6
OSP7,CN8-13,OUTPUT SPARE 7
OSP8,CN8-14,OUTPUT SPARE 8
OSP9,CN8-15,OUTPUT SPARE 9
OSP10,CN8-16,OUTPUT SPARE 10
OSP11,CN8-17,OUTPUT SPARE 11
OSP12,CN8-18,OUTPUT SPARE 12
OSP13,CN8-19,OUTPUT SPARE 13
OSP14,CN8-20,OUTPUT SPARE 14
+24,CN8-21,DC24V +COM
+24,CN8-22,DC24V +COM
ISP14,CN8-23,INPUT SPARE 14
ISP15,CN8-24,INPUT SPARE 15
ISP16,CN8-25,INPUT SPARE 16
ISP17,CN8-26,INPUT SPARE 17
ISP18,CN8-27,INPUT SPARE 18
ISP19,CN8-28,INPUT SPARE 19
ISP20,CN8-29,INPUT SPARE 20
ISP21,CN8-30,INPUT SPARE 21
ISP22,CN8-31,INPUT SPARE 22
OSP15,CN8-32,OUTPUT SPARE 15
OSP16,CN8-33,OUTPUT SPARE 16
OSP17,CN8-34,OUTPUT SPARE 17
OSP18,CN8-35,OUTPUT SPARE 18
OSP19,CN8-36,OUTPUT SPARE 19
OSP20,CN8-37,OUTPUT SPARE 20
OSP21,CN8-38,OUTPUT SPARE 21
OSP22,CN8-39,OUTPUT SPARE 22
OSP23,CN8-40,OUTPUT SPARE 23
OSP24,CN8-41,OUTPUT SPARE 24
OSP25,CN8-42,OUTPUT SPARE 25
OSP26,CN8-43,OUTPUT SPARE 26
OSP27,CN8-44,OUTPUT SPARE 27
OSP28,CN8-45,OUTPUT SPARE 28
OSP29,CN8-46,OUTPUT SPARE 29
OSP30,CN8-47,OUTPUT SPARE 30
,CN8-48,(not used - blank on source table)
0G,CN8-49,DC24V COM (-)
0G,CN8-50,DC24V COM (-)
,CN1-8,(not used - blank on source table)
,CN1-9,(not used - blank on source table)
,CN1-10,(not used - blank on source table)
,CN1-11,(not used - blank on source table)
,CN1-12,(not used - blank on source table)
,CN1-13,(not used - blank on source table)
,CN1-19,(not used - blank on source table)
,CN2-20,(not used - blank on source table)
,CN2-22,(not used - blank on source table)
,CN2-23,(not used - blank on source table)
,CN2-24,(not used - blank on source table)
,CN2-25,(not used - blank on source table)
,CN2-26,(not used - blank on source table)
,CN2-27,(not used - blank on source table)
,CN2-28,(not used - blank on source table)
,CN2-29,(not used - blank on source table)
,CN2-30,(not used - blank on source table)
,CN2-31,(not used - blank on source table)
,CN2-32,(not used - blank on source table)
,CN2-33,(not used - blank on source table)
,CN2-48,(not used - blank on source table)
,CN4-11,(not used - blank on source table)
,CN4-14,(not used - blank on source table)
SE1,CN4-18,SPEED REFERENCE 1
SE2,CN4-19,SPEED REFERENCE 2
SE3,CN4-20,SPEED REFERENCE 3 (10V MAX SPEED)
,CN6-6,(not used - blank on source table)
,CN6-14,(not used - blank on source table)
,CN6-15,(not used - blank on source table)
,CN6-16,(not used - blank on source table)
,CN6-22,(not used - blank on source table)
,CN6-31,(not used - blank on source table)
,CN6-32,(not used - blank on source table)
,CN6-35,(not used - blank on source table)
,CN6-36,(not used - blank on source table)
,CN6-38,(not used - row slashed out on source table)
,CN6-40,(not used - blank on source table)
,CN6-45,(not used - row slashed out on source table)
,CN6-48,(not used - blank on source table)
,CN6-49,(not used - blank on source table)
MMS RDY,CN200-1,MMS READY
SEN RDY,CN200-2,SENSOR READY
MMS SKIP,CN200-3,MMS SKIP
MMS ST,CN200-4,MMS START
MMS PON,CN200-5,MMS POWER ON
,CN200-6,(not used - blank on source table)
0G,CN200-7,DC24V COM (-) NC
,CN200-8,(not used - blank on source table)
,CN200-9,(not used - blank on source table)
,CN200-10,(not used - blank on source table)
,CN200-11,(not used - blank on source table)
,CN200-12,(not used - blank on source table)
,CN200-13,(not used - blank on source table)
MMS STCMD,CN200-14,MMS START (COMMAND)
,CN200-15,(not used - blank on source table)
,CN200-16,(not used - blank on source table)
,CN200-17,(not used - blank on source table)
,CN200-18,(not used - blank on source table)
,CN200-19,(not used - blank on source table)
+24V,CN200-20,DC24V +COM (NC)
